[0m16:28:10.897196 [debug] [MainThread]: Sending event: {'category': 'dbt', 'action': 'invocation', 'label': 'start', 'context': [<snowplow_tracker.self_describing_json.SelfDescribingJson object at 0x0000024B9466B8B0>, <snowplow_tracker.self_describing_json.SelfDescribingJson object at 0x0000024B95718BE0>, <snowplow_tracker.self_describing_json.SelfDescribingJson object at 0x0000024B95718F40>]}


============================== 16:28:10.900299 | e3c61215-3871-4630-b610-b5ae5a06be38 ==============================
[0m16:28:10.900299 [info ] [MainThread]: Running with dbt=1.9.3
[0m16:28:10.901305 [debug] [MainThread]: running dbt with arguments {'printer_width': '80', 'indirect_selection': 'eager', 'write_json': 'True', 'log_cache_events': 'False', 'partial_parse': 'True', 'cache_selected_only': 'False', 'warn_error': 'None', 'fail_fast': 'False', 'debug': 'False', 'log_path': 'C:\\Users\\jrjos\\OneDrive\\Documentos\\Python Scripts\\PythonScripts\\Virtual_envs\\dbt_zero2hero_training\\dbtlearn\\logs', 'profiles_dir': 'C:\\Users\\jrjos\\.dbt', 'version_check': 'True', 'use_colors': 'True', 'use_experimental_parser': 'False', 'no_print': 'None', 'quiet': 'False', 'empty': 'False', 'log_format': 'default', 'introspect': 'True', 'warn_error_options': 'WarnErrorOptions(include=[], exclude=[])', 'invocation_command': 'dbt compile', 'target_path': 'None', 'static_parser': 'True', 'send_anonymous_usage_stats': 'True'}
[0m16:28:11.667305 [debug] [MainThread]: Sending event: {'category': 'dbt', 'action': 'project_id', 'label': 'e3c61215-3871-4630-b610-b5ae5a06be38', 'context': [<snowplow_tracker.self_describing_json.SelfDescribingJson object at 0x0000024B91D92E50>]}
[0m16:28:11.719939 [debug] [MainThread]: Sending event: {'category': 'dbt', 'action': 'adapter_info', 'label': 'e3c61215-3871-4630-b610-b5ae5a06be38', 'context': [<snowplow_tracker.self_describing_json.SelfDescribingJson object at 0x0000024BA62226A0>]}
[0m16:28:11.728932 [info ] [MainThread]: Registered adapter: snowflake=1.9.0
[0m16:28:12.085750 [debug] [MainThread]: checksum: 5671c00892cdbcef29c3b00cc5ba7510c3d18a35c883caeb9ab9ee266dc29c8f, vars: {}, profile: , target: , version: 1.9.3
[0m16:28:12.086754 [info ] [MainThread]: Unable to do partial parsing because saved manifest not found. Starting full parse.
[0m16:28:12.087773 [debug] [MainThread]: Sending event: {'category': 'dbt', 'action': 'partial_parser', 'label': 'e3c61215-3871-4630-b610-b5ae5a06be38', 'context': [<snowplow_tracker.self_describing_json.SelfDescribingJson object at 0x0000024BA62E50D0>]}
[0m16:28:13.276630 [debug] [MainThread]: Sending event: {'category': 'dbt', 'action': 'load_project', 'label': 'e3c61215-3871-4630-b610-b5ae5a06be38', 'context': [<snowplow_tracker.self_describing_json.SelfDescribingJson object at 0x0000024BA69CD130>]}
[0m16:28:13.391745 [debug] [MainThread]: Wrote artifact WritableManifest to C:\Users\jrjos\OneDrive\Documentos\Python Scripts\PythonScripts\Virtual_envs\dbt_zero2hero_training\dbtlearn\target\manifest.json
[0m16:28:13.397744 [debug] [MainThread]: Wrote artifact SemanticManifest to C:\Users\jrjos\OneDrive\Documentos\Python Scripts\PythonScripts\Virtual_envs\dbt_zero2hero_training\dbtlearn\target\semantic_manifest.json
[0m16:28:13.448006 [debug] [MainThread]: Sending event: {'category': 'dbt', 'action': 'resource_counts', 'label': 'e3c61215-3871-4630-b610-b5ae5a06be38', 'context': [<snowplow_tracker.self_describing_json.SelfDescribingJson object at 0x0000024BA6A5A190>]}
[0m16:28:13.449013 [info ] [MainThread]: Found 2 models, 4 data tests, 472 macros
[0m16:28:13.450037 [debug] [MainThread]: Sending event: {'category': 'dbt', 'action': 'runnable_timing', 'label': 'e3c61215-3871-4630-b610-b5ae5a06be38', 'context': [<snowplow_tracker.self_describing_json.SelfDescribingJson object at 0x0000024BA6A5FD30>]}
[0m16:28:13.452017 [info ] [MainThread]: 
[0m16:28:13.452017 [info ] [MainThread]: Concurrency: 2 threads (target='dev')
[0m16:28:13.453015 [info ] [MainThread]: 
[0m16:28:13.454012 [debug] [MainThread]: Acquiring new snowflake connection 'master'
[0m16:28:13.459013 [debug] [ThreadPool]: Acquiring new snowflake connection 'list_AIRBNB_RAW'
[0m16:28:13.692776 [debug] [ThreadPool]: Using snowflake connection "list_AIRBNB_RAW"
[0m16:28:13.692776 [debug] [ThreadPool]: On list_AIRBNB_RAW: /* {"app": "dbt", "dbt_version": "1.9.3", "profile_name": "dbtlearn", "target_name": "dev", "connection_name": "list_AIRBNB_RAW"} */
show objects in AIRBNB.RAW limit 10000;
[0m16:28:13.693777 [debug] [ThreadPool]: Opening a new connection, currently in state init
[0m16:28:15.291551 [debug] [ThreadPool]: Snowflake adapter: Error running SQL: /* {"app": "dbt", "dbt_version": "1.9.3", "profile_name": "dbtlearn", "target_name": "dev", "connection_name": "list_AIRBNB_RAW"} */
show objects in AIRBNB.RAW limit 10000;
[0m16:28:15.292569 [debug] [ThreadPool]: Snowflake adapter: Rolling back transaction.
[0m16:28:15.293549 [debug] [ThreadPool]: Snowflake adapter: Error running SQL: macro list_relations_without_caching
[0m16:28:15.293549 [debug] [ThreadPool]: Snowflake adapter: Rolling back transaction.
[0m16:28:15.294576 [debug] [MainThread]: Connection 'master' was properly closed.
[0m16:28:15.295583 [debug] [MainThread]: Connection 'list_AIRBNB_RAW' was left open.
[0m16:28:15.295583 [debug] [MainThread]: On list_AIRBNB_RAW: No close available on handle
[0m16:28:15.296549 [error] [MainThread]: Encountered an error:
Database Error
  250001 (08001): Failed to connect to DB: KCZXMQC-BB47324.snowflakecomputing.com:443. Role 'DEV_ACCADMIN' specified in the connect string does not exist or not authorized. Contact your local system administrator, or attempt to login with another role, e.g. PUBLIC.
[0m16:28:15.297552 [debug] [MainThread]: Command `dbt compile` failed at 16:28:15.297552 after 4.51 seconds
[0m16:28:15.297552 [debug] [MainThread]: Sending event: {'category': 'dbt', 'action': 'invocation', 'label': 'end', 'context': [<snowplow_tracker.self_describing_json.SelfDescribingJson object at 0x0000024B9466B8B0>, <snowplow_tracker.self_describing_json.SelfDescribingJson object at 0x0000024BA69CD580>, <snowplow_tracker.self_describing_json.SelfDescribingJson object at 0x0000024BA6B29160>]}
[0m16:28:15.298555 [debug] [MainThread]: Flushing usage events
[0m16:28:15.870198 [debug] [MainThread]: An error was encountered while trying to flush usage events
[0m16:29:13.014538 [debug] [MainThread]: Sending event: {'category': 'dbt', 'action': 'invocation', 'label': 'start', 'context': [<snowplow_tracker.self_describing_json.SelfDescribingJson object at 0x00000161039EB940>, <snowplow_tracker.self_describing_json.SelfDescribingJson object at 0x0000016105A68C10>, <snowplow_tracker.self_describing_json.SelfDescribingJson object at 0x0000016105A68FA0>]}


============================== 16:29:13.017442 | b1041ed5-0bb6-4524-965e-c6d8797bf0bd ==============================
[0m16:29:13.017442 [info ] [MainThread]: Running with dbt=1.9.3
[0m16:29:13.019615 [debug] [MainThread]: running dbt with arguments {'printer_width': '80', 'indirect_selection': 'eager', 'write_json': 'True', 'log_cache_events': 'False', 'partial_parse': 'True', 'cache_selected_only': 'False', 'profiles_dir': 'C:\\Users\\jrjos\\.dbt', 'fail_fast': 'False', 'version_check': 'True', 'log_path': 'C:\\Users\\jrjos\\OneDrive\\Documentos\\Python Scripts\\PythonScripts\\Virtual_envs\\dbt_zero2hero_training\\dbtlearn\\logs', 'debug': 'False', 'warn_error': 'None', 'use_colors': 'True', 'use_experimental_parser': 'False', 'no_print': 'None', 'quiet': 'False', 'empty': 'False', 'warn_error_options': 'WarnErrorOptions(include=[], exclude=[])', 'invocation_command': 'dbt compile', 'introspect': 'True', 'log_format': 'default', 'target_path': 'None', 'static_parser': 'True', 'send_anonymous_usage_stats': 'True'}
[0m16:29:13.721376 [debug] [MainThread]: Sending event: {'category': 'dbt', 'action': 'project_id', 'label': 'b1041ed5-0bb6-4524-965e-c6d8797bf0bd', 'context': [<snowplow_tracker.self_describing_json.SelfDescribingJson object at 0x0000016105A50430>]}
[0m16:29:13.767380 [debug] [MainThread]: Sending event: {'category': 'dbt', 'action': 'adapter_info', 'label': 'b1041ed5-0bb6-4524-965e-c6d8797bf0bd', 'context': [<snowplow_tracker.self_describing_json.SelfDescribingJson object at 0x0000016116585BB0>]}
[0m16:29:13.769333 [info ] [MainThread]: Registered adapter: snowflake=1.9.0
[0m16:29:14.089120 [debug] [MainThread]: checksum: 5671c00892cdbcef29c3b00cc5ba7510c3d18a35c883caeb9ab9ee266dc29c8f, vars: {}, profile: , target: , version: 1.9.3
[0m16:29:14.180855 [info ] [MainThread]: Unable to do partial parsing because profile has changed
[0m16:29:14.182180 [debug] [MainThread]: Sending event: {'category': 'dbt', 'action': 'partial_parser', 'label': 'b1041ed5-0bb6-4524-965e-c6d8797bf0bd', 'context': [<snowplow_tracker.self_describing_json.SelfDescribingJson object at 0x0000016105393760>]}
[0m16:29:15.258520 [debug] [MainThread]: Sending event: {'category': 'dbt', 'action': 'load_project', 'label': 'b1041ed5-0bb6-4524-965e-c6d8797bf0bd', 'context': [<snowplow_tracker.self_describing_json.SelfDescribingJson object at 0x0000016116D4A130>]}
[0m16:29:15.332056 [debug] [MainThread]: Wrote artifact WritableManifest to C:\Users\jrjos\OneDrive\Documentos\Python Scripts\PythonScripts\Virtual_envs\dbt_zero2hero_training\dbtlearn\target\manifest.json
[0m16:29:15.338514 [debug] [MainThread]: Wrote artifact SemanticManifest to C:\Users\jrjos\OneDrive\Documentos\Python Scripts\PythonScripts\Virtual_envs\dbt_zero2hero_training\dbtlearn\target\semantic_manifest.json
[0m16:29:15.361956 [debug] [MainThread]: Sending event: {'category': 'dbt', 'action': 'resource_counts', 'label': 'b1041ed5-0bb6-4524-965e-c6d8797bf0bd', 'context': [<snowplow_tracker.self_describing_json.SelfDescribingJson object at 0x0000016116D564F0>]}
[0m16:29:15.362966 [info ] [MainThread]: Found 2 models, 4 data tests, 472 macros
[0m16:29:15.363957 [debug] [MainThread]: Sending event: {'category': 'dbt', 'action': 'runnable_timing', 'label': 'b1041ed5-0bb6-4524-965e-c6d8797bf0bd', 'context': [<snowplow_tracker.self_describing_json.SelfDescribingJson object at 0x0000016116D38EE0>]}
[0m16:29:15.365957 [info ] [MainThread]: 
[0m16:29:15.366958 [info ] [MainThread]: Concurrency: 2 threads (target='dev')
[0m16:29:15.367961 [info ] [MainThread]: 
[0m16:29:15.369959 [debug] [MainThread]: Acquiring new snowflake connection 'master'
[0m16:29:15.380251 [debug] [ThreadPool]: Acquiring new snowflake connection 'list_AIRBNB_RAW'
[0m16:29:15.494981 [debug] [ThreadPool]: Using snowflake connection "list_AIRBNB_RAW"
[0m16:29:15.495987 [debug] [ThreadPool]: On list_AIRBNB_RAW: /* {"app": "dbt", "dbt_version": "1.9.3", "profile_name": "dbtlearn", "target_name": "dev", "connection_name": "list_AIRBNB_RAW"} */
show objects in AIRBNB.RAW limit 10000;
[0m16:29:15.496987 [debug] [ThreadPool]: Opening a new connection, currently in state init
[0m16:29:16.656957 [debug] [ThreadPool]: SQL status: SUCCESS 3 in 1.160 seconds
[0m16:29:16.659958 [debug] [MainThread]: Sending event: {'category': 'dbt', 'action': 'runnable_timing', 'label': 'b1041ed5-0bb6-4524-965e-c6d8797bf0bd', 'context': [<snowplow_tracker.self_describing_json.SelfDescribingJson object at 0x0000016116DA13D0>]}
[0m16:29:16.688705 [debug] [Thread-1  ]: Began running node model.dbtlearn.my_first_dbt_model
[0m16:29:16.690180 [debug] [Thread-1  ]: Acquiring new snowflake connection 'model.dbtlearn.my_first_dbt_model'
[0m16:29:16.691185 [debug] [Thread-1  ]: Began compiling node model.dbtlearn.my_first_dbt_model
[0m16:29:16.699074 [debug] [Thread-1  ]: Writing injected SQL for node "model.dbtlearn.my_first_dbt_model"
[0m16:29:16.701075 [debug] [Thread-1  ]: Began executing node model.dbtlearn.my_first_dbt_model
[0m16:29:16.703074 [debug] [Thread-1  ]: Finished running node model.dbtlearn.my_first_dbt_model
[0m16:29:16.704076 [debug] [Thread-2  ]: Began running node model.dbtlearn.my_second_dbt_model
[0m16:29:16.704076 [debug] [Thread-1  ]: Began running node test.dbtlearn.not_null_my_first_dbt_model_id.5fb22c2710
[0m16:29:16.705104 [debug] [Thread-2  ]: Acquiring new snowflake connection 'model.dbtlearn.my_second_dbt_model'
[0m16:29:16.706102 [debug] [Thread-1  ]: Re-using an available connection from the pool (formerly model.dbtlearn.my_first_dbt_model, now test.dbtlearn.not_null_my_first_dbt_model_id.5fb22c2710)
[0m16:29:16.707103 [debug] [Thread-2  ]: Began compiling node model.dbtlearn.my_second_dbt_model
[0m16:29:16.707103 [debug] [Thread-1  ]: Began compiling node test.dbtlearn.not_null_my_first_dbt_model_id.5fb22c2710
[0m16:29:16.711619 [debug] [Thread-2  ]: Writing injected SQL for node "model.dbtlearn.my_second_dbt_model"
[0m16:29:16.723621 [debug] [Thread-1  ]: Writing injected SQL for node "test.dbtlearn.not_null_my_first_dbt_model_id.5fb22c2710"
[0m16:29:16.724621 [debug] [Thread-2  ]: Began executing node model.dbtlearn.my_second_dbt_model
[0m16:29:16.725621 [debug] [Thread-2  ]: Finished running node model.dbtlearn.my_second_dbt_model
[0m16:29:16.726621 [debug] [Thread-2  ]: Began running node test.dbtlearn.unique_my_first_dbt_model_id.16e066b321
[0m16:29:16.727623 [debug] [Thread-2  ]: Re-using an available connection from the pool (formerly model.dbtlearn.my_second_dbt_model, now test.dbtlearn.unique_my_first_dbt_model_id.16e066b321)
[0m16:29:16.728621 [debug] [Thread-1  ]: Began executing node test.dbtlearn.not_null_my_first_dbt_model_id.5fb22c2710
[0m16:29:16.729621 [debug] [Thread-2  ]: Began compiling node test.dbtlearn.unique_my_first_dbt_model_id.16e066b321
[0m16:29:16.729621 [debug] [Thread-1  ]: Finished running node test.dbtlearn.not_null_my_first_dbt_model_id.5fb22c2710
[0m16:29:16.799468 [debug] [Thread-2  ]: Writing injected SQL for node "test.dbtlearn.unique_my_first_dbt_model_id.16e066b321"
[0m16:29:16.800656 [debug] [Thread-1  ]: Began running node test.dbtlearn.not_null_my_second_dbt_model_id.151b76d778
[0m16:29:16.801666 [debug] [Thread-1  ]: Re-using an available connection from the pool (formerly test.dbtlearn.not_null_my_first_dbt_model_id.5fb22c2710, now test.dbtlearn.not_null_my_second_dbt_model_id.151b76d778)
[0m16:29:16.802679 [debug] [Thread-1  ]: Began compiling node test.dbtlearn.not_null_my_second_dbt_model_id.151b76d778
[0m16:29:16.802679 [debug] [Thread-2  ]: Began executing node test.dbtlearn.unique_my_first_dbt_model_id.16e066b321
[0m16:29:16.807401 [debug] [Thread-1  ]: Writing injected SQL for node "test.dbtlearn.not_null_my_second_dbt_model_id.151b76d778"
[0m16:29:16.808413 [debug] [Thread-2  ]: Finished running node test.dbtlearn.unique_my_first_dbt_model_id.16e066b321
[0m16:29:16.809408 [debug] [Thread-2  ]: Began running node test.dbtlearn.unique_my_second_dbt_model_id.57a0f8c493
[0m16:29:16.810416 [debug] [Thread-2  ]: Re-using an available connection from the pool (formerly test.dbtlearn.unique_my_first_dbt_model_id.16e066b321, now test.dbtlearn.unique_my_second_dbt_model_id.57a0f8c493)
[0m16:29:16.810416 [debug] [Thread-2  ]: Began compiling node test.dbtlearn.unique_my_second_dbt_model_id.57a0f8c493
[0m16:29:16.815402 [debug] [Thread-2  ]: Writing injected SQL for node "test.dbtlearn.unique_my_second_dbt_model_id.57a0f8c493"
[0m16:29:16.816400 [debug] [Thread-1  ]: Began executing node test.dbtlearn.not_null_my_second_dbt_model_id.151b76d778
[0m16:29:16.816400 [debug] [Thread-1  ]: Finished running node test.dbtlearn.not_null_my_second_dbt_model_id.151b76d778
[0m16:29:16.817773 [debug] [Thread-2  ]: Began executing node test.dbtlearn.unique_my_second_dbt_model_id.57a0f8c493
[0m16:29:16.818834 [debug] [Thread-2  ]: Finished running node test.dbtlearn.unique_my_second_dbt_model_id.57a0f8c493
[0m16:29:16.819954 [debug] [MainThread]: Connection 'master' was properly closed.
[0m16:29:16.820952 [debug] [MainThread]: Connection 'list_AIRBNB_RAW' was left open.
[0m16:29:16.821951 [debug] [MainThread]: On list_AIRBNB_RAW: Close
[0m16:29:17.170922 [debug] [MainThread]: Connection 'test.dbtlearn.not_null_my_second_dbt_model_id.151b76d778' was properly closed.
[0m16:29:17.171922 [debug] [MainThread]: Connection 'test.dbtlearn.unique_my_second_dbt_model_id.57a0f8c493' was properly closed.
[0m16:29:17.173920 [debug] [MainThread]: Command end result
[0m16:29:17.194921 [debug] [MainThread]: Wrote artifact WritableManifest to C:\Users\jrjos\OneDrive\Documentos\Python Scripts\PythonScripts\Virtual_envs\dbt_zero2hero_training\dbtlearn\target\manifest.json
[0m16:29:17.198353 [debug] [MainThread]: Wrote artifact SemanticManifest to C:\Users\jrjos\OneDrive\Documentos\Python Scripts\PythonScripts\Virtual_envs\dbt_zero2hero_training\dbtlearn\target\semantic_manifest.json
[0m16:29:17.204864 [debug] [MainThread]: Wrote artifact RunExecutionResult to C:\Users\jrjos\OneDrive\Documentos\Python Scripts\PythonScripts\Virtual_envs\dbt_zero2hero_training\dbtlearn\target\run_results.json
[0m16:29:17.206870 [debug] [MainThread]: Command `dbt compile` succeeded at 16:29:17.205870 after 4.30 seconds
[0m16:29:17.206870 [debug] [MainThread]: Sending event: {'category': 'dbt', 'action': 'invocation', 'label': 'end', 'context': [<snowplow_tracker.self_describing_json.SelfDescribingJson object at 0x00000161039EB940>, <snowplow_tracker.self_describing_json.SelfDescribingJson object at 0x0000016104D63D90>, <snowplow_tracker.self_describing_json.SelfDescribingJson object at 0x000001611667F6D0>]}
[0m16:29:17.207870 [debug] [MainThread]: Flushing usage events
[0m16:29:17.806794 [debug] [MainThread]: An error was encountered while trying to flush usage events
[0m16:38:33.729326 [debug] [MainThread]: Sending event: {'category': 'dbt', 'action': 'invocation', 'label': 'start', 'context': [<snowplow_tracker.self_describing_json.SelfDescribingJson object at 0x0000025EA0F0B940>, <snowplow_tracker.self_describing_json.SelfDescribingJson object at 0x0000025EA2F88C10>, <snowplow_tracker.self_describing_json.SelfDescribingJson object at 0x0000025EA2F88FA0>]}


============================== 16:38:33.734342 | 24e5fbfb-c0ee-4fed-af16-31eedd619138 ==============================
[0m16:38:33.734342 [info ] [MainThread]: Running with dbt=1.9.3
[0m16:38:33.736351 [debug] [MainThread]: running dbt with arguments {'printer_width': '80', 'indirect_selection': 'eager', 'write_json': 'True', 'log_cache_events': 'False', 'partial_parse': 'True', 'cache_selected_only': 'False', 'warn_error': 'None', 'fail_fast': 'False', 'debug': 'False', 'log_path': 'C:\\Users\\jrjos\\OneDrive\\Documentos\\Python Scripts\\PythonScripts\\Virtual_envs\\dbt_zero2hero_training\\dbtlearn\\logs', 'version_check': 'True', 'profiles_dir': 'C:\\Users\\jrjos\\.dbt', 'use_colors': 'True', 'use_experimental_parser': 'False', 'no_print': 'None', 'quiet': 'False', 'empty': 'False', 'log_format': 'default', 'invocation_command': 'dbt compile', 'warn_error_options': 'WarnErrorOptions(include=[], exclude=[])', 'static_parser': 'True', 'target_path': 'None', 'introspect': 'True', 'send_anonymous_usage_stats': 'True'}
[0m16:38:34.504787 [debug] [MainThread]: Sending event: {'category': 'dbt', 'action': 'project_id', 'label': '24e5fbfb-c0ee-4fed-af16-31eedd619138', 'context': [<snowplow_tracker.self_describing_json.SelfDescribingJson object at 0x0000025EA2F70430>]}
[0m16:38:34.560640 [debug] [MainThread]: Sending event: {'category': 'dbt', 'action': 'adapter_info', 'label': '24e5fbfb-c0ee-4fed-af16-31eedd619138', 'context': [<snowplow_tracker.self_describing_json.SelfDescribingJson object at 0x0000025EB3AA4BB0>]}
[0m16:38:34.562648 [info ] [MainThread]: Registered adapter: snowflake=1.9.0
[0m16:38:34.927829 [debug] [MainThread]: checksum: 5671c00892cdbcef29c3b00cc5ba7510c3d18a35c883caeb9ab9ee266dc29c8f, vars: {}, profile: , target: , version: 1.9.3
[0m16:38:35.031985 [info ] [MainThread]: Unable to do partial parsing because profile has changed
[0m16:38:35.033011 [debug] [MainThread]: Sending event: {'category': 'dbt', 'action': 'partial_parser', 'label': '24e5fbfb-c0ee-4fed-af16-31eedd619138', 'context': [<snowplow_tracker.self_describing_json.SelfDescribingJson object at 0x0000025EA28B3760>]}
[0m16:38:36.388752 [debug] [MainThread]: Sending event: {'category': 'dbt', 'action': 'load_project', 'label': '24e5fbfb-c0ee-4fed-af16-31eedd619138', 'context': [<snowplow_tracker.self_describing_json.SelfDescribingJson object at 0x0000025EB4269130>]}
[0m16:38:36.486386 [debug] [MainThread]: Wrote artifact WritableManifest to C:\Users\jrjos\OneDrive\Documentos\Python Scripts\PythonScripts\Virtual_envs\dbt_zero2hero_training\dbtlearn\target\manifest.json
[0m16:38:36.501161 [debug] [MainThread]: Wrote artifact SemanticManifest to C:\Users\jrjos\OneDrive\Documentos\Python Scripts\PythonScripts\Virtual_envs\dbt_zero2hero_training\dbtlearn\target\semantic_manifest.json
[0m16:38:36.526032 [debug] [MainThread]: Sending event: {'category': 'dbt', 'action': 'resource_counts', 'label': '24e5fbfb-c0ee-4fed-af16-31eedd619138', 'context': [<snowplow_tracker.self_describing_json.SelfDescribingJson object at 0x0000025EB4269850>]}
[0m16:38:36.527032 [info ] [MainThread]: Found 2 models, 4 data tests, 472 macros
[0m16:38:36.528026 [debug] [MainThread]: Sending event: {'category': 'dbt', 'action': 'runnable_timing', 'label': '24e5fbfb-c0ee-4fed-af16-31eedd619138', 'context': [<snowplow_tracker.self_describing_json.SelfDescribingJson object at 0x0000025EB428B2B0>]}
[0m16:38:36.531028 [info ] [MainThread]: 
[0m16:38:36.532541 [info ] [MainThread]: Concurrency: 2 threads (target='dev')
[0m16:38:36.533546 [info ] [MainThread]: 
[0m16:38:36.534546 [debug] [MainThread]: Acquiring new snowflake connection 'master'
[0m16:38:36.545578 [debug] [ThreadPool]: Acquiring new snowflake connection 'list_AIRBNB_DEV'
[0m16:38:36.666372 [debug] [ThreadPool]: Using snowflake connection "list_AIRBNB_DEV"
[0m16:38:36.667355 [debug] [ThreadPool]: On list_AIRBNB_DEV: /* {"app": "dbt", "dbt_version": "1.9.3", "profile_name": "dbtlearn", "target_name": "dev", "connection_name": "list_AIRBNB_DEV"} */
show objects in AIRBNB.DEV limit 10000;
[0m16:38:36.667355 [debug] [ThreadPool]: Opening a new connection, currently in state init
[0m16:38:37.922847 [debug] [ThreadPool]: Snowflake adapter: Snowflake query id: 01bb677a-3202-dd69-0002-4e22004c61c2
[0m16:38:37.923958 [debug] [ThreadPool]: Snowflake adapter: Snowflake error: 002043 (02000): SQL compilation error:
Object does not exist, or operation cannot be performed.
[0m16:38:37.924858 [debug] [ThreadPool]: Snowflake adapter: Error running SQL: macro list_relations_without_caching
[0m16:38:37.924858 [debug] [ThreadPool]: Snowflake adapter: Rolling back transaction.
[0m16:38:37.926057 [debug] [MainThread]: Sending event: {'category': 'dbt', 'action': 'runnable_timing', 'label': '24e5fbfb-c0ee-4fed-af16-31eedd619138', 'context': [<snowplow_tracker.self_describing_json.SelfDescribingJson object at 0x0000025EB42C0790>]}
[0m16:38:37.948738 [debug] [Thread-1  ]: Began running node model.dbtlearn.my_first_dbt_model
[0m16:38:37.949762 [debug] [Thread-1  ]: Acquiring new snowflake connection 'model.dbtlearn.my_first_dbt_model'
[0m16:38:37.950763 [debug] [Thread-1  ]: Began compiling node model.dbtlearn.my_first_dbt_model
[0m16:38:37.960793 [debug] [Thread-1  ]: Writing injected SQL for node "model.dbtlearn.my_first_dbt_model"
[0m16:38:37.962812 [debug] [Thread-1  ]: Began executing node model.dbtlearn.my_first_dbt_model
[0m16:38:37.963801 [debug] [Thread-1  ]: Finished running node model.dbtlearn.my_first_dbt_model
[0m16:38:37.964820 [debug] [Thread-2  ]: Began running node model.dbtlearn.my_second_dbt_model
[0m16:38:37.965807 [debug] [Thread-2  ]: Acquiring new snowflake connection 'model.dbtlearn.my_second_dbt_model'
[0m16:38:37.966800 [debug] [Thread-1  ]: Began running node test.dbtlearn.not_null_my_first_dbt_model_id.5fb22c2710
[0m16:38:37.966800 [debug] [Thread-2  ]: Began compiling node model.dbtlearn.my_second_dbt_model
[0m16:38:37.967804 [debug] [Thread-1  ]: Re-using an available connection from the pool (formerly model.dbtlearn.my_first_dbt_model, now test.dbtlearn.not_null_my_first_dbt_model_id.5fb22c2710)
[0m16:38:37.971678 [debug] [Thread-2  ]: Writing injected SQL for node "model.dbtlearn.my_second_dbt_model"
[0m16:38:37.972950 [debug] [Thread-1  ]: Began compiling node test.dbtlearn.not_null_my_first_dbt_model_id.5fb22c2710
[0m16:38:37.986263 [debug] [Thread-1  ]: Writing injected SQL for node "test.dbtlearn.not_null_my_first_dbt_model_id.5fb22c2710"
[0m16:38:37.987266 [debug] [Thread-2  ]: Began executing node model.dbtlearn.my_second_dbt_model
[0m16:38:37.988261 [debug] [Thread-2  ]: Finished running node model.dbtlearn.my_second_dbt_model
[0m16:38:37.989262 [debug] [Thread-2  ]: Began running node test.dbtlearn.unique_my_first_dbt_model_id.16e066b321
[0m16:38:37.989262 [debug] [Thread-1  ]: Began executing node test.dbtlearn.not_null_my_first_dbt_model_id.5fb22c2710
[0m16:38:37.990777 [debug] [Thread-2  ]: Re-using an available connection from the pool (formerly model.dbtlearn.my_second_dbt_model, now test.dbtlearn.unique_my_first_dbt_model_id.16e066b321)
[0m16:38:37.991799 [debug] [Thread-1  ]: Finished running node test.dbtlearn.not_null_my_first_dbt_model_id.5fb22c2710
[0m16:38:37.991799 [debug] [Thread-2  ]: Began compiling node test.dbtlearn.unique_my_first_dbt_model_id.16e066b321
[0m16:38:37.992800 [debug] [Thread-1  ]: Began running node test.dbtlearn.not_null_my_second_dbt_model_id.151b76d778
[0m16:38:38.067321 [debug] [Thread-2  ]: Writing injected SQL for node "test.dbtlearn.unique_my_first_dbt_model_id.16e066b321"
[0m16:38:38.067321 [debug] [Thread-1  ]: Re-using an available connection from the pool (formerly test.dbtlearn.not_null_my_first_dbt_model_id.5fb22c2710, now test.dbtlearn.not_null_my_second_dbt_model_id.151b76d778)
[0m16:38:38.069284 [debug] [Thread-1  ]: Began compiling node test.dbtlearn.not_null_my_second_dbt_model_id.151b76d778
[0m16:38:38.069284 [debug] [Thread-2  ]: Began executing node test.dbtlearn.unique_my_first_dbt_model_id.16e066b321
[0m16:38:38.073805 [debug] [Thread-1  ]: Writing injected SQL for node "test.dbtlearn.not_null_my_second_dbt_model_id.151b76d778"
[0m16:38:38.074806 [debug] [Thread-2  ]: Finished running node test.dbtlearn.unique_my_first_dbt_model_id.16e066b321
[0m16:38:38.075805 [debug] [Thread-2  ]: Began running node test.dbtlearn.unique_my_second_dbt_model_id.57a0f8c493
[0m16:38:38.076800 [debug] [Thread-2  ]: Re-using an available connection from the pool (formerly test.dbtlearn.unique_my_first_dbt_model_id.16e066b321, now test.dbtlearn.unique_my_second_dbt_model_id.57a0f8c493)
[0m16:38:38.077801 [debug] [Thread-1  ]: Began executing node test.dbtlearn.not_null_my_second_dbt_model_id.151b76d778
[0m16:38:38.078800 [debug] [Thread-2  ]: Began compiling node test.dbtlearn.unique_my_second_dbt_model_id.57a0f8c493
[0m16:38:38.080804 [debug] [Thread-1  ]: Finished running node test.dbtlearn.not_null_my_second_dbt_model_id.151b76d778
[0m16:38:38.084831 [debug] [Thread-2  ]: Writing injected SQL for node "test.dbtlearn.unique_my_second_dbt_model_id.57a0f8c493"
[0m16:38:38.086831 [debug] [Thread-2  ]: Began executing node test.dbtlearn.unique_my_second_dbt_model_id.57a0f8c493
[0m16:38:38.087831 [debug] [Thread-2  ]: Finished running node test.dbtlearn.unique_my_second_dbt_model_id.57a0f8c493
[0m16:38:38.088857 [debug] [MainThread]: Connection 'master' was properly closed.
[0m16:38:38.089832 [debug] [MainThread]: Connection 'list_AIRBNB_DEV' was left open.
[0m16:38:38.089832 [debug] [MainThread]: On list_AIRBNB_DEV: Close
[0m16:38:38.883254 [debug] [MainThread]: Connection 'test.dbtlearn.not_null_my_second_dbt_model_id.151b76d778' was properly closed.
[0m16:38:38.884254 [debug] [MainThread]: Connection 'test.dbtlearn.unique_my_second_dbt_model_id.57a0f8c493' was properly closed.
[0m16:38:38.889340 [debug] [MainThread]: Command end result
[0m16:38:38.925855 [debug] [MainThread]: Wrote artifact WritableManifest to C:\Users\jrjos\OneDrive\Documentos\Python Scripts\PythonScripts\Virtual_envs\dbt_zero2hero_training\dbtlearn\target\manifest.json
[0m16:38:38.928881 [debug] [MainThread]: Wrote artifact SemanticManifest to C:\Users\jrjos\OneDrive\Documentos\Python Scripts\PythonScripts\Virtual_envs\dbt_zero2hero_training\dbtlearn\target\semantic_manifest.json
[0m16:38:38.935943 [debug] [MainThread]: Wrote artifact RunExecutionResult to C:\Users\jrjos\OneDrive\Documentos\Python Scripts\PythonScripts\Virtual_envs\dbt_zero2hero_training\dbtlearn\target\run_results.json
[0m16:38:38.937442 [debug] [MainThread]: Command `dbt compile` succeeded at 16:38:38.937442 after 5.33 seconds
[0m16:38:38.937442 [debug] [MainThread]: Sending event: {'category': 'dbt', 'action': 'invocation', 'label': 'end', 'context': [<snowplow_tracker.self_describing_json.SelfDescribingJson object at 0x0000025EA0F0B940>, <snowplow_tracker.self_describing_json.SelfDescribingJson object at 0x0000025EB3BBDA30>, <snowplow_tracker.self_describing_json.SelfDescribingJson object at 0x0000025EB3BBD040>]}
[0m16:38:38.939461 [debug] [MainThread]: Flushing usage events
[0m16:38:39.731124 [debug] [MainThread]: An error was encountered while trying to flush usage events
[0m16:39:38.399156 [debug] [MainThread]: Sending event: {'category': 'dbt', 'action': 'invocation', 'label': 'start', 'context': [<snowplow_tracker.self_describing_json.SelfDescribingJson object at 0x000001FA4159B910>, <snowplow_tracker.self_describing_json.SelfDescribingJson object at 0x000001FA4361CF70>, <snowplow_tracker.self_describing_json.SelfDescribingJson object at 0x000001FA4361CD30>]}


============================== 16:39:38.402767 | b346f07c-3200-40a6-a817-1333eabe2941 ==============================
[0m16:39:38.402767 [info ] [MainThread]: Running with dbt=1.9.3
[0m16:39:38.404765 [debug] [MainThread]: running dbt with arguments {'printer_width': '80', 'indirect_selection': 'eager', 'write_json': 'True', 'log_cache_events': 'False', 'partial_parse': 'True', 'cache_selected_only': 'False', 'profiles_dir': 'C:\\Users\\jrjos\\.dbt', 'fail_fast': 'False', 'debug': 'False', 'log_path': 'C:\\Users\\jrjos\\OneDrive\\Documentos\\Python Scripts\\PythonScripts\\Virtual_envs\\dbt_zero2hero_training\\dbtlearn\\logs', 'warn_error': 'None', 'version_check': 'True', 'use_colors': 'True', 'use_experimental_parser': 'False', 'no_print': 'None', 'quiet': 'False', 'empty': 'None', 'warn_error_options': 'WarnErrorOptions(include=[], exclude=[])', 'introspect': 'True', 'invocation_command': 'dbt debug', 'static_parser': 'True', 'target_path': 'None', 'log_format': 'default', 'send_anonymous_usage_stats': 'True'}
[0m16:39:38.444914 [info ] [MainThread]: dbt version: 1.9.3
[0m16:39:38.446842 [info ] [MainThread]: python version: 3.9.12
[0m16:39:38.447840 [info ] [MainThread]: python path: C:\Users\jrjos\AppData\Local\Programs\Python\Python39\python.exe
[0m16:39:38.448839 [info ] [MainThread]: os info: Windows-10-10.0.26100-SP0
[0m16:39:39.069118 [info ] [MainThread]: Using profiles dir at C:\Users\jrjos\.dbt
[0m16:39:39.070625 [info ] [MainThread]: Using profiles.yml file at C:\Users\jrjos\.dbt\profiles.yml
[0m16:39:39.072633 [info ] [MainThread]: Using dbt_project.yml file at C:\Users\jrjos\OneDrive\Documentos\Python Scripts\PythonScripts\Virtual_envs\dbt_zero2hero_training\dbtlearn\dbt_project.yml
[0m16:39:39.074633 [info ] [MainThread]: adapter type: snowflake
[0m16:39:39.076633 [info ] [MainThread]: adapter version: 1.9.0
[0m16:39:39.190908 [info ] [MainThread]: Configuration:
[0m16:39:39.190908 [info ] [MainThread]:   profiles.yml file [[32mOK found and valid[0m]
[0m16:39:39.193265 [info ] [MainThread]:   dbt_project.yml file [[32mOK found and valid[0m]
[0m16:39:39.194272 [info ] [MainThread]: Required dependencies:
[0m16:39:39.196264 [debug] [MainThread]: Executing "git --help"
[0m16:39:39.266424 [debug] [MainThread]: STDOUT: "b"usage: git [-v | --version] [-h | --help] [-C <path>] [-c <name>=<value>]\n           [--exec-path[=<path>]] [--html-path] [--man-path] [--info-path]\n           [-p | --paginate | -P | --no-pager] [--no-replace-objects] [--no-lazy-fetch]\n           [--no-optional-locks] [--no-advice] [--bare] [--git-dir=<path>]\n           [--work-tree=<path>] [--namespace=<name>] [--config-env=<name>=<envvar>]\n           <command> [<args>]\n\nThese are common Git commands used in various situations:\n\nstart a working area (see also: git help tutorial)\n   clone     Clone a repository into a new directory\n   init      Create an empty Git repository or reinitialize an existing one\n\nwork on the current change (see also: git help everyday)\n   add       Add file contents to the index\n   mv        Move or rename a file, a directory, or a symlink\n   restore   Restore working tree files\n   rm        Remove files from the working tree and from the index\n\nexamine the history and state (see also: git help revisions)\n   bisect    Use binary search to find the commit that introduced a bug\n   diff      Show changes between commits, commit and working tree, etc\n   grep      Print lines matching a pattern\n   log       Show commit logs\n   show      Show various types of objects\n   status    Show the working tree status\n\ngrow, mark and tweak your common history\n   branch    List, create, or delete branches\n   commit    Record changes to the repository\n   merge     Join two or more development histories together\n   rebase    Reapply commits on top of another base tip\n   reset     Reset current HEAD to the specified state\n   switch    Switch branches\n   tag       Create, list, delete or verify a tag object signed with GPG\n\ncollaborate (see also: git help workflows)\n   fetch     Download objects and refs from another repository\n   pull      Fetch from and integrate with another repository or a local branch\n   push      Update remote refs along with associated objects\n\n'git help -a' and 'git help -g' list available subcommands and some\nconcept guides. See 'git help <command>' or 'git help <concept>'\nto read about a specific subcommand or concept.\nSee 'git help git' for an overview of the system.\n""
[0m16:39:39.267517 [debug] [MainThread]: STDERR: "b''"
[0m16:39:39.267517 [info ] [MainThread]:  - git [[32mOK found[0m]

[0m16:39:39.268456 [info ] [MainThread]: Connection:
[0m16:39:39.269437 [info ] [MainThread]:   account: KCZXMQC-BB47324
[0m16:39:39.270942 [info ] [MainThread]:   user: dbt
[0m16:39:39.270942 [info ] [MainThread]:   database: AIRBNB
[0m16:39:39.271952 [info ] [MainThread]:   warehouse: COMPUTE_WH
[0m16:39:39.272949 [info ] [MainThread]:   role: transform
[0m16:39:39.274950 [info ] [MainThread]:   schema: DEV
[0m16:39:39.275950 [info ] [MainThread]:   authenticator: None
[0m16:39:39.277951 [info ] [MainThread]:   oauth_client_id: None
[0m16:39:39.280281 [info ] [MainThread]:   query_tag: None
[0m16:39:39.280789 [info ] [MainThread]:   client_session_keep_alive: False
[0m16:39:39.281798 [info ] [MainThread]:   host: None
[0m16:39:39.282794 [info ] [MainThread]:   port: None
[0m16:39:39.283811 [info ] [MainThread]:   proxy_host: None
[0m16:39:39.284797 [info ] [MainThread]:   proxy_port: None
[0m16:39:39.285796 [info ] [MainThread]:   protocol: None
[0m16:39:39.286813 [info ] [MainThread]:   connect_retries: 1
[0m16:39:39.286813 [info ] [MainThread]:   connect_timeout: None
[0m16:39:39.287799 [info ] [MainThread]:   retry_on_database_errors: False
[0m16:39:39.288799 [info ] [MainThread]:   retry_all: False
[0m16:39:39.289803 [info ] [MainThread]:   insecure_mode: False
[0m16:39:39.290888 [info ] [MainThread]:   reuse_connections: True
[0m16:39:39.292031 [info ] [MainThread]: Registered adapter: snowflake=1.9.0
[0m16:39:39.669408 [debug] [MainThread]: Acquiring new snowflake connection 'debug'
[0m16:39:39.749650 [debug] [MainThread]: Using snowflake connection "debug"
[0m16:39:39.750648 [debug] [MainThread]: On debug: select 1 as id
[0m16:39:39.751171 [debug] [MainThread]: Opening a new connection, currently in state init
[0m16:39:40.872194 [debug] [MainThread]: SQL status: SUCCESS 1 in 1.121 seconds
[0m16:39:40.874190 [info ] [MainThread]:   Connection test: [[32mOK connection ok[0m]

[0m16:39:40.876193 [info ] [MainThread]: [32mAll checks passed![0m
[0m16:39:40.878191 [debug] [MainThread]: Command `dbt debug` succeeded at 16:39:40.878191 after 2.60 seconds
[0m16:39:40.878191 [debug] [MainThread]: Connection 'debug' was left open.
[0m16:39:40.879191 [debug] [MainThread]: On debug: Close
[0m16:39:41.233979 [debug] [MainThread]: Sending event: {'category': 'dbt', 'action': 'invocation', 'label': 'end', 'context': [<snowplow_tracker.self_describing_json.SelfDescribingJson object at 0x000001FA4159B910>, <snowplow_tracker.self_describing_json.SelfDescribingJson object at 0x000001FA541F6D30>, <snowplow_tracker.self_describing_json.SelfDescribingJson object at 0x000001FA53E1EFA0>]}
[0m16:39:41.235977 [debug] [MainThread]: Flushing usage events
[0m16:39:41.976349 [debug] [MainThread]: An error was encountered while trying to flush usage events
[0m10:00:29.205794 [debug] [MainThread]: Sending event: {'category': 'dbt', 'action': 'invocation', 'label': 'start', 'context': [<snowplow_tracker.self_describing_json.SelfDescribingJson object at 0x0000024BB11CB8E0>, <snowplow_tracker.self_describing_json.SelfDescribingJson object at 0x0000024BB3249B80>, <snowplow_tracker.self_describing_json.SelfDescribingJson object at 0x0000024BB3249D30>]}


============================== 10:00:29.232373 | a59eea92-6d1d-4383-afcf-bac28ddb4305 ==============================
[0m10:00:29.232373 [info ] [MainThread]: Running with dbt=1.9.3
[0m10:00:29.234740 [debug] [MainThread]: running dbt with arguments {'printer_width': '80', 'indirect_selection': 'eager', 'log_cache_events': 'False', 'write_json': 'True', 'partial_parse': 'True', 'cache_selected_only': 'False', 'profiles_dir': 'C:\\Users\\jrjos\\.dbt', 'debug': 'False', 'version_check': 'True', 'log_path': 'C:\\Users\\jrjos\\OneDrive\\Documentos\\Python Scripts\\PythonScripts\\Virtual_envs\\dbt_zero2hero_training\\dbtlearn\\logs', 'fail_fast': 'False', 'warn_error': 'None', 'use_colors': 'True', 'use_experimental_parser': 'False', 'empty': 'False', 'quiet': 'False', 'no_print': 'None', 'warn_error_options': 'WarnErrorOptions(include=[], exclude=[])', 'static_parser': 'True', 'log_format': 'default', 'invocation_command': 'dbt run', 'target_path': 'None', 'introspect': 'True', 'send_anonymous_usage_stats': 'True'}
[0m10:00:30.033925 [debug] [MainThread]: Sending event: {'category': 'dbt', 'action': 'project_id', 'label': 'a59eea92-6d1d-4383-afcf-bac28ddb4305', 'context': [<snowplow_tracker.self_describing_json.SelfDescribingJson object at 0x0000024BB2BA7B80>]}
[0m10:00:30.103144 [debug] [MainThread]: Sending event: {'category': 'dbt', 'action': 'adapter_info', 'label': 'a59eea92-6d1d-4383-afcf-bac28ddb4305', 'context': [<snowplow_tracker.self_describing_json.SelfDescribingJson object at 0x0000024BC3D41A00>]}
[0m10:00:30.104926 [info ] [MainThread]: Registered adapter: snowflake=1.9.2
[0m10:00:30.531868 [debug] [MainThread]: checksum: 5671c00892cdbcef29c3b00cc5ba7510c3d18a35c883caeb9ab9ee266dc29c8f, vars: {}, profile: , target: , version: 1.9.3
[0m10:00:30.737945 [debug] [MainThread]: Partial parsing enabled: 1 files deleted, 3 files added, 1 files changed.
[0m10:00:30.738836 [debug] [MainThread]: Partial parsing: added file: dbtlearn://models\src\src_listings.sql
[0m10:00:30.740834 [debug] [MainThread]: Partial parsing: added file: dbt_snowflake://macros\materializations\incremental\insert_overwrite.sql
[0m10:00:30.741833 [debug] [MainThread]: Partial parsing: added file: dbt_snowflake://macros\materializations\incremental\merge.sql
[0m10:00:30.743339 [debug] [MainThread]: Partial parsing: deleted file: dbt_snowflake://macros\materializations\merge.sql
[0m10:00:30.744350 [debug] [MainThread]: Partial parsing: updated file: dbt_snowflake://macros\materializations\incremental.sql
[0m10:00:31.118899 [debug] [MainThread]: Sending event: {'category': 'dbt', 'action': 'load_project', 'label': 'a59eea92-6d1d-4383-afcf-bac28ddb4305', 'context': [<snowplow_tracker.self_describing_json.SelfDescribingJson object at 0x0000024BC43C9130>]}
[0m10:00:31.194731 [debug] [MainThread]: Wrote artifact WritableManifest to C:\Users\jrjos\OneDrive\Documentos\Python Scripts\PythonScripts\Virtual_envs\dbt_zero2hero_training\dbtlearn\target\manifest.json
[0m10:00:31.203400 [debug] [MainThread]: Wrote artifact SemanticManifest to C:\Users\jrjos\OneDrive\Documentos\Python Scripts\PythonScripts\Virtual_envs\dbt_zero2hero_training\dbtlearn\target\semantic_manifest.json
[0m10:00:31.381802 [debug] [MainThread]: Sending event: {'category': 'dbt', 'action': 'resource_counts', 'label': 'a59eea92-6d1d-4383-afcf-bac28ddb4305', 'context': [<snowplow_tracker.self_describing_json.SelfDescribingJson object at 0x0000024BC438D700>]}
[0m10:00:31.381802 [info ] [MainThread]: Found 3 models, 4 data tests, 474 macros
[0m10:00:31.384332 [debug] [MainThread]: Sending event: {'category': 'dbt', 'action': 'runnable_timing', 'label': 'a59eea92-6d1d-4383-afcf-bac28ddb4305', 'context': [<snowplow_tracker.self_describing_json.SelfDescribingJson object at 0x0000024BB0CD1220>]}
[0m10:00:31.385335 [info ] [MainThread]: 
[0m10:00:31.386351 [info ] [MainThread]: Concurrency: 2 threads (target='dev')
[0m10:00:31.387332 [info ] [MainThread]: 
[0m10:00:31.388332 [debug] [MainThread]: Acquiring new snowflake connection 'master'
[0m10:00:31.397494 [debug] [ThreadPool]: Acquiring new snowflake connection 'list_AIRBNB'
[0m10:00:31.610549 [debug] [ThreadPool]: Using snowflake connection "list_AIRBNB"
[0m10:00:31.610549 [debug] [ThreadPool]: On list_AIRBNB: /* {"app": "dbt", "dbt_version": "1.9.3", "profile_name": "dbtlearn", "target_name": "dev", "connection_name": "list_AIRBNB"} */
show terse schemas in database AIRBNB
    limit 10000
[0m10:00:31.611456 [debug] [ThreadPool]: Opening a new connection, currently in state init
[0m10:00:33.337257 [debug] [ThreadPool]: SQL status: SUCCESS 3 in 1.726 seconds
[0m10:00:33.340262 [debug] [ThreadPool]: Re-using an available connection from the pool (formerly list_AIRBNB, now create_AIRBNB_DEV)
[0m10:00:33.341259 [debug] [ThreadPool]: Creating schema "database: "AIRBNB"
schema: "DEV"
"
[0m10:00:33.349372 [debug] [ThreadPool]: Using snowflake connection "create_AIRBNB_DEV"
[0m10:00:33.350370 [debug] [ThreadPool]: On create_AIRBNB_DEV: /* {"app": "dbt", "dbt_version": "1.9.3", "profile_name": "dbtlearn", "target_name": "dev", "connection_name": "create_AIRBNB_DEV"} */
create schema if not exists AIRBNB.DEV
[0m10:00:33.650856 [debug] [ThreadPool]: SQL status: SUCCESS 1 in 0.300 seconds
[0m10:00:33.653383 [debug] [ThreadPool]: Acquiring new snowflake connection 'list_AIRBNB_DEV'
[0m10:00:33.669309 [debug] [ThreadPool]: Using snowflake connection "list_AIRBNB_DEV"
[0m10:00:33.670310 [debug] [ThreadPool]: On list_AIRBNB_DEV: /* {"app": "dbt", "dbt_version": "1.9.3", "profile_name": "dbtlearn", "target_name": "dev", "connection_name": "list_AIRBNB_DEV"} */
show objects in AIRBNB.DEV limit 10000;
[0m10:00:33.670310 [debug] [ThreadPool]: Opening a new connection, currently in state init
[0m10:00:34.662307 [debug] [ThreadPool]: SQL status: SUCCESS 0 in 0.991 seconds
[0m10:00:34.664818 [debug] [MainThread]: Sending event: {'category': 'dbt', 'action': 'runnable_timing', 'label': 'a59eea92-6d1d-4383-afcf-bac28ddb4305', 'context': [<snowplow_tracker.self_describing_json.SelfDescribingJson object at 0x0000024BC4498370>]}
[0m10:00:34.690405 [debug] [Thread-1  ]: Began running node model.dbtlearn.my_first_dbt_model
[0m10:00:34.693413 [debug] [Thread-2  ]: Began running node model.dbtlearn.src_listings
[0m10:00:34.692414 [info ] [Thread-1  ]: 1 of 3 START sql table model DEV.my_first_dbt_model ............................ [RUN]
[0m10:00:34.694925 [info ] [Thread-2  ]: 2 of 3 START sql view model DEV.src_listings ................................... [RUN]
[0m10:00:34.703439 [debug] [Thread-1  ]: Acquiring new snowflake connection 'model.dbtlearn.my_first_dbt_model'
[0m10:00:34.706907 [debug] [Thread-1  ]: Began compiling node model.dbtlearn.my_first_dbt_model
[0m10:00:34.705908 [debug] [Thread-2  ]: Acquiring new snowflake connection 'model.dbtlearn.src_listings'
[0m10:00:34.720799 [debug] [Thread-1  ]: Writing injected SQL for node "model.dbtlearn.my_first_dbt_model"
[0m10:00:34.721854 [debug] [Thread-2  ]: Began compiling node model.dbtlearn.src_listings
[0m10:00:34.725015 [debug] [Thread-2  ]: Writing injected SQL for node "model.dbtlearn.src_listings"
[0m10:00:34.726068 [debug] [Thread-1  ]: Began executing node model.dbtlearn.my_first_dbt_model
[0m10:00:34.767799 [debug] [Thread-1  ]: Writing runtime sql for node "model.dbtlearn.my_first_dbt_model"
[0m10:00:34.767799 [debug] [Thread-2  ]: Began executing node model.dbtlearn.src_listings
[0m10:00:34.791618 [debug] [Thread-2  ]: Writing runtime sql for node "model.dbtlearn.src_listings"
[0m10:00:34.797536 [debug] [Thread-1  ]: Using snowflake connection "model.dbtlearn.my_first_dbt_model"
[0m10:00:34.799543 [debug] [Thread-1  ]: On model.dbtlearn.my_first_dbt_model: /* {"app": "dbt", "dbt_version": "1.9.3", "profile_name": "dbtlearn", "target_name": "dev", "node_id": "model.dbtlearn.my_first_dbt_model"} */
create or replace transient table AIRBNB.DEV.my_first_dbt_model
         as
        (/*
    Welcome to your first dbt model!
    Did you know that you can also configure models directly within SQL files?
    This will override configurations stated in dbt_project.yml

    Try changing "table" to "view" below
*/



with source_data as (

    select 1 as id
    union all
    select null as id

)

select *
from source_data

/*
    Uncomment the line below to remove records with null `id` values
*/

-- where id is not null
        );
[0m10:00:34.800771 [debug] [Thread-1  ]: Opening a new connection, currently in state init
[0m10:00:34.801779 [debug] [Thread-2  ]: Using snowflake connection "model.dbtlearn.src_listings"
[0m10:00:34.801779 [debug] [Thread-2  ]: On model.dbtlearn.src_listings: /* {"app": "dbt", "dbt_version": "1.9.3", "profile_name": "dbtlearn", "target_name": "dev", "node_id": "model.dbtlearn.src_listings"} */
create or replace   view AIRBNB.DEV.src_listings
  
   as (
    WITH raw_listings AS (
    SELECT
        *
    FROM AIRBNB.RAW.RAW_LISTINGS
)
SELECT
    id AS listing_id,
    name AS listing_name,
    listing_url,
    room_type,
    minimum_nights,
    host_id,
    price AS price_str,
    created_at,
    updated_at
FROM
    raw_listings
  );
[0m10:00:34.804291 [debug] [Thread-2  ]: Opening a new connection, currently in state init
[0m10:00:35.900014 [debug] [Thread-2  ]: SQL status: SUCCESS 1 in 1.095 seconds
[0m10:00:35.933907 [debug] [Thread-2  ]: Sending event: {'category': 'dbt', 'action': 'run_model', 'label': 'a59eea92-6d1d-4383-afcf-bac28ddb4305', 'context': [<snowplow_tracker.self_describing_json.SelfDescribingJson object at 0x0000024BAF6B8C70>]}
[0m10:00:35.935916 [info ] [Thread-2  ]: 2 of 3 OK created sql view model DEV.src_listings .............................. [[32mSUCCESS 1[0m in 1.22s]
[0m10:00:35.936916 [debug] [Thread-2  ]: Finished running node model.dbtlearn.src_listings
[0m10:00:36.716277 [debug] [Thread-1  ]: SQL status: SUCCESS 1 in 1.916 seconds
[0m10:00:36.720722 [debug] [Thread-1  ]: Sending event: {'category': 'dbt', 'action': 'run_model', 'label': 'a59eea92-6d1d-4383-afcf-bac28ddb4305', 'context': [<snowplow_tracker.self_describing_json.SelfDescribingJson object at 0x0000024BC4ADCD60>]}
[0m10:00:36.721721 [info ] [Thread-1  ]: 1 of 3 OK created sql table model DEV.my_first_dbt_model ....................... [[32mSUCCESS 1[0m in 2.02s]
[0m10:00:36.724239 [debug] [Thread-1  ]: Finished running node model.dbtlearn.my_first_dbt_model
[0m10:00:36.725239 [debug] [Thread-2  ]: Began running node model.dbtlearn.my_second_dbt_model
[0m10:00:36.726238 [info ] [Thread-2  ]: 3 of 3 START sql view model DEV.my_second_dbt_model ............................ [RUN]
[0m10:00:36.727734 [debug] [Thread-2  ]: Re-using an available connection from the pool (formerly model.dbtlearn.src_listings, now model.dbtlearn.my_second_dbt_model)
[0m10:00:36.727734 [debug] [Thread-2  ]: Began compiling node model.dbtlearn.my_second_dbt_model
[0m10:00:36.733250 [debug] [Thread-2  ]: Writing injected SQL for node "model.dbtlearn.my_second_dbt_model"
[0m10:00:36.737423 [debug] [Thread-2  ]: Began executing node model.dbtlearn.my_second_dbt_model
[0m10:00:36.743188 [debug] [Thread-2  ]: Writing runtime sql for node "model.dbtlearn.my_second_dbt_model"
[0m10:00:36.744210 [debug] [Thread-2  ]: Using snowflake connection "model.dbtlearn.my_second_dbt_model"
[0m10:00:36.745198 [debug] [Thread-2  ]: On model.dbtlearn.my_second_dbt_model: /* {"app": "dbt", "dbt_version": "1.9.3", "profile_name": "dbtlearn", "target_name": "dev", "node_id": "model.dbtlearn.my_second_dbt_model"} */
create or replace   view AIRBNB.DEV.my_second_dbt_model
  
   as (
    -- Use the `ref` function to select from other models

select *
from AIRBNB.DEV.my_first_dbt_model
where id = 1
  );
[0m10:00:37.110238 [debug] [Thread-2  ]: SQL status: SUCCESS 1 in 0.365 seconds
[0m10:00:37.113749 [debug] [Thread-2  ]: Sending event: {'category': 'dbt', 'action': 'run_model', 'label': 'a59eea92-6d1d-4383-afcf-bac28ddb4305', 'context': [<snowplow_tracker.self_describing_json.SelfDescribingJson object at 0x0000024BC4B64E80>]}
[0m10:00:37.115141 [info ] [Thread-2  ]: 3 of 3 OK created sql view model DEV.my_second_dbt_model ....................... [[32mSUCCESS 1[0m in 0.39s]
[0m10:00:37.117601 [debug] [Thread-2  ]: Finished running node model.dbtlearn.my_second_dbt_model
[0m10:00:37.120615 [debug] [MainThread]: Connection 'master' was properly closed.
[0m10:00:37.120615 [debug] [MainThread]: Connection 'create_AIRBNB_DEV' was left open.
[0m10:00:37.121620 [debug] [MainThread]: On create_AIRBNB_DEV: Close
[0m10:00:37.467552 [debug] [MainThread]: Connection 'list_AIRBNB_DEV' was left open.
[0m10:00:37.468552 [debug] [MainThread]: On list_AIRBNB_DEV: Close
[0m10:00:37.818003 [debug] [MainThread]: Connection 'model.dbtlearn.my_first_dbt_model' was left open.
[0m10:00:37.819001 [debug] [MainThread]: On model.dbtlearn.my_first_dbt_model: Close
[0m10:00:38.176424 [debug] [MainThread]: Connection 'model.dbtlearn.my_second_dbt_model' was left open.
[0m10:00:38.177429 [debug] [MainThread]: On model.dbtlearn.my_second_dbt_model: Close
[0m10:00:38.521842 [info ] [MainThread]: 
[0m10:00:38.523347 [info ] [MainThread]: Finished running 1 table model, 2 view models in 0 hours 0 minutes and 7.13 seconds (7.13s).
[0m10:00:38.525354 [debug] [MainThread]: Command end result
[0m10:00:38.549363 [debug] [MainThread]: Wrote artifact WritableManifest to C:\Users\jrjos\OneDrive\Documentos\Python Scripts\PythonScripts\Virtual_envs\dbt_zero2hero_training\dbtlearn\target\manifest.json
[0m10:00:38.551445 [debug] [MainThread]: Wrote artifact SemanticManifest to C:\Users\jrjos\OneDrive\Documentos\Python Scripts\PythonScripts\Virtual_envs\dbt_zero2hero_training\dbtlearn\target\semantic_manifest.json
[0m10:00:38.560871 [debug] [MainThread]: Wrote artifact RunExecutionResult to C:\Users\jrjos\OneDrive\Documentos\Python Scripts\PythonScripts\Virtual_envs\dbt_zero2hero_training\dbtlearn\target\run_results.json
[0m10:00:38.561871 [info ] [MainThread]: 
[0m10:00:38.561871 [info ] [MainThread]: [32mCompleted successfully[0m
[0m10:00:38.563376 [info ] [MainThread]: 
[0m10:00:38.564383 [info ] [MainThread]: Done. PASS=3 WARN=0 ERROR=0 SKIP=0 TOTAL=3
[0m10:00:38.566384 [debug] [MainThread]: Command `dbt run` succeeded at 10:00:38.565390 after 9.48 seconds
[0m10:00:38.566820 [debug] [MainThread]: Sending event: {'category': 'dbt', 'action': 'invocation', 'label': 'end', 'context': [<snowplow_tracker.self_describing_json.SelfDescribingJson object at 0x0000024BB11CB8E0>, <snowplow_tracker.self_describing_json.SelfDescribingJson object at 0x0000024BC3D41A00>, <snowplow_tracker.self_describing_json.SelfDescribingJson object at 0x0000024BB25101C0>]}
[0m10:00:38.566820 [debug] [MainThread]: Flushing usage events
[0m10:00:39.489055 [debug] [MainThread]: An error was encountered while trying to flush usage events
[0m10:09:30.013698 [debug] [MainThread]: Sending event: {'category': 'dbt', 'action': 'invocation', 'label': 'start', 'context': [<snowplow_tracker.self_describing_json.SelfDescribingJson object at 0x0000018EABE1B8E0>, <snowplow_tracker.self_describing_json.SelfDescribingJson object at 0x0000018EADE99B80>, <snowplow_tracker.self_describing_json.SelfDescribingJson object at 0x0000018EADE99D30>]}


============================== 10:09:30.019213 | 7d9e7dd7-6e4e-4cbd-bd29-75d998d14662 ==============================
[0m10:09:30.019213 [info ] [MainThread]: Running with dbt=1.9.3
[0m10:09:30.020213 [debug] [MainThread]: running dbt with arguments {'printer_width': '80', 'indirect_selection': 'eager', 'write_json': 'True', 'log_cache_events': 'False', 'partial_parse': 'True', 'cache_selected_only': 'False', 'warn_error': 'None', 'debug': 'False', 'fail_fast': 'False', 'log_path': 'C:\\Users\\jrjos\\OneDrive\\Documentos\\Python Scripts\\PythonScripts\\Virtual_envs\\dbt_zero2hero_training\\dbtlearn\\logs', 'version_check': 'True', 'profiles_dir': 'C:\\Users\\jrjos\\.dbt', 'use_colors': 'True', 'use_experimental_parser': 'False', 'empty': 'False', 'quiet': 'False', 'no_print': 'None', 'warn_error_options': 'WarnErrorOptions(include=[], exclude=[])', 'introspect': 'True', 'invocation_command': 'dbt run', 'static_parser': 'True', 'target_path': 'None', 'log_format': 'default', 'send_anonymous_usage_stats': 'True'}
[0m10:09:30.750318 [debug] [MainThread]: Sending event: {'category': 'dbt', 'action': 'project_id', 'label': '7d9e7dd7-6e4e-4cbd-bd29-75d998d14662', 'context': [<snowplow_tracker.self_describing_json.SelfDescribingJson object at 0x0000018EAD7F6B80>]}
[0m10:09:30.797637 [debug] [MainThread]: Sending event: {'category': 'dbt', 'action': 'adapter_info', 'label': '7d9e7dd7-6e4e-4cbd-bd29-75d998d14662', 'context': [<snowplow_tracker.self_describing_json.SelfDescribingJson object at 0x0000018EBE991A00>]}
[0m10:09:30.799647 [info ] [MainThread]: Registered adapter: snowflake=1.9.2
[0m10:09:31.132938 [debug] [MainThread]: checksum: 5671c00892cdbcef29c3b00cc5ba7510c3d18a35c883caeb9ab9ee266dc29c8f, vars: {}, profile: , target: , version: 1.9.3
[0m10:09:31.293913 [debug] [MainThread]: Partial parsing enabled: 2 files deleted, 1 files added, 0 files changed.
[0m10:09:31.294915 [debug] [MainThread]: Partial parsing: added file: dbtlearn://models\src\src_reviews.sql
[0m10:09:31.295911 [debug] [MainThread]: Partial parsing: deleted file: dbtlearn://models\example\my_second_dbt_model.sql
[0m10:09:31.295911 [debug] [MainThread]: Partial parsing: deleted file: dbtlearn://models\example\my_first_dbt_model.sql
[0m10:09:31.571224 [warn ] [MainThread]: [[33mWARNING[0m]: Did not find matching node for patch with name 'my_second_dbt_model' in the 'models' section of file 'models\example\schema.yml'
[0m10:09:31.573727 [warn ] [MainThread]: [[33mWARNING[0m]: Did not find matching node for patch with name 'my_first_dbt_model' in the 'models' section of file 'models\example\schema.yml'
[0m10:09:31.663094 [warn ] [MainThread]: [[33mWARNING[0m]: Test 'test.dbtlearn.unique_my_second_dbt_model_id.57a0f8c493' (models\example\schema.yml) depends on a node named 'my_second_dbt_model' in package '' which was not found
[0m10:09:31.664033 [warn ] [MainThread]: [[33mWARNING[0m]: Test 'test.dbtlearn.not_null_my_second_dbt_model_id.151b76d778' (models\example\schema.yml) depends on a node named 'my_second_dbt_model' in package '' which was not found
[0m10:09:31.665042 [warn ] [MainThread]: [[33mWARNING[0m]: Test 'test.dbtlearn.unique_my_first_dbt_model_id.16e066b321' (models\example\schema.yml) depends on a node named 'my_first_dbt_model' in package '' which was not found
[0m10:09:31.666077 [warn ] [MainThread]: [[33mWARNING[0m]: Test 'test.dbtlearn.not_null_my_first_dbt_model_id.5fb22c2710' (models\example\schema.yml) depends on a node named 'my_first_dbt_model' in package '' which was not found
[0m10:09:31.725973 [warn ] [MainThread]: [[33mWARNING[0m]: Configuration paths exist in your dbt_project.yml file which do not apply to any resources.
There are 1 unused configuration paths:
- models.dbtlearn.example
[0m10:09:31.733568 [debug] [MainThread]: Sending event: {'category': 'dbt', 'action': 'load_project', 'label': '7d9e7dd7-6e4e-4cbd-bd29-75d998d14662', 'context': [<snowplow_tracker.self_describing_json.SelfDescribingJson object at 0x0000018EBF11CF40>]}
[0m10:09:31.816516 [debug] [MainThread]: Wrote artifact WritableManifest to C:\Users\jrjos\OneDrive\Documentos\Python Scripts\PythonScripts\Virtual_envs\dbt_zero2hero_training\dbtlearn\target\manifest.json
[0m10:09:31.822069 [debug] [MainThread]: Wrote artifact SemanticManifest to C:\Users\jrjos\OneDrive\Documentos\Python Scripts\PythonScripts\Virtual_envs\dbt_zero2hero_training\dbtlearn\target\semantic_manifest.json
[0m10:09:31.842267 [debug] [MainThread]: Sending event: {'category': 'dbt', 'action': 'resource_counts', 'label': '7d9e7dd7-6e4e-4cbd-bd29-75d998d14662', 'context': [<snowplow_tracker.self_describing_json.SelfDescribingJson object at 0x0000018EBF0CFEE0>]}
[0m10:09:31.842267 [info ] [MainThread]: Found 2 models, 474 macros
[0m10:09:31.843262 [debug] [MainThread]: Sending event: {'category': 'dbt', 'action': 'runnable_timing', 'label': '7d9e7dd7-6e4e-4cbd-bd29-75d998d14662', 'context': [<snowplow_tracker.self_describing_json.SelfDescribingJson object at 0x0000018EBF0BC2B0>]}
[0m10:09:31.845268 [info ] [MainThread]: 
[0m10:09:31.846301 [info ] [MainThread]: Concurrency: 2 threads (target='dev')
[0m10:09:31.847263 [info ] [MainThread]: 
[0m10:09:31.847873 [debug] [MainThread]: Acquiring new snowflake connection 'master'
[0m10:09:31.855877 [debug] [ThreadPool]: Acquiring new snowflake connection 'list_AIRBNB'
[0m10:09:31.943831 [debug] [ThreadPool]: Using snowflake connection "list_AIRBNB"
[0m10:09:31.944831 [debug] [ThreadPool]: On list_AIRBNB: /* {"app": "dbt", "dbt_version": "1.9.3", "profile_name": "dbtlearn", "target_name": "dev", "connection_name": "list_AIRBNB"} */
show terse schemas in database AIRBNB
    limit 10000
[0m10:09:31.944831 [debug] [ThreadPool]: Opening a new connection, currently in state init
[0m10:09:33.400100 [debug] [ThreadPool]: SQL status: SUCCESS 4 in 1.455 seconds
[0m10:09:33.405099 [debug] [ThreadPool]: Acquiring new snowflake connection 'list_AIRBNB_DEV'
[0m10:09:33.416118 [debug] [ThreadPool]: Using snowflake connection "list_AIRBNB_DEV"
[0m10:09:33.417125 [debug] [ThreadPool]: On list_AIRBNB_DEV: /* {"app": "dbt", "dbt_version": "1.9.3", "profile_name": "dbtlearn", "target_name": "dev", "connection_name": "list_AIRBNB_DEV"} */
show objects in AIRBNB.DEV limit 10000;
[0m10:09:33.418137 [debug] [ThreadPool]: Opening a new connection, currently in state init
[0m10:09:34.396694 [debug] [ThreadPool]: SQL status: SUCCESS 1 in 0.978 seconds
[0m10:09:34.399707 [debug] [MainThread]: Sending event: {'category': 'dbt', 'action': 'runnable_timing', 'label': '7d9e7dd7-6e4e-4cbd-bd29-75d998d14662', 'context': [<snowplow_tracker.self_describing_json.SelfDescribingJson object at 0x0000018EBEE598B0>]}
[0m10:09:34.404244 [debug] [Thread-1  ]: Began running node model.dbtlearn.src_listings
[0m10:09:34.405610 [debug] [Thread-2  ]: Began running node model.dbtlearn.src_reviews
[0m10:09:34.406604 [info ] [Thread-1  ]: 1 of 2 START sql view model DEV.src_listings ................................... [RUN]
[0m10:09:34.407603 [info ] [Thread-2  ]: 2 of 2 START sql view model DEV.src_reviews .................................... [RUN]
[0m10:09:34.408613 [debug] [Thread-1  ]: Acquiring new snowflake connection 'model.dbtlearn.src_listings'
[0m10:09:34.409603 [debug] [Thread-2  ]: Acquiring new snowflake connection 'model.dbtlearn.src_reviews'
[0m10:09:34.410608 [debug] [Thread-1  ]: Began compiling node model.dbtlearn.src_listings
[0m10:09:34.410608 [debug] [Thread-2  ]: Began compiling node model.dbtlearn.src_reviews
[0m10:09:34.420371 [debug] [Thread-1  ]: Writing injected SQL for node "model.dbtlearn.src_listings"
[0m10:09:34.423362 [debug] [Thread-2  ]: Writing injected SQL for node "model.dbtlearn.src_reviews"
[0m10:09:34.424872 [debug] [Thread-1  ]: Began executing node model.dbtlearn.src_listings
[0m10:09:34.450545 [debug] [Thread-1  ]: Writing runtime sql for node "model.dbtlearn.src_listings"
[0m10:09:34.451548 [debug] [Thread-2  ]: Began executing node model.dbtlearn.src_reviews
[0m10:09:34.455645 [debug] [Thread-2  ]: Writing runtime sql for node "model.dbtlearn.src_reviews"
[0m10:09:34.457650 [debug] [Thread-1  ]: Using snowflake connection "model.dbtlearn.src_listings"
[0m10:09:34.458650 [debug] [Thread-1  ]: On model.dbtlearn.src_listings: /* {"app": "dbt", "dbt_version": "1.9.3", "profile_name": "dbtlearn", "target_name": "dev", "node_id": "model.dbtlearn.src_listings"} */
create or replace   view AIRBNB.DEV.src_listings
  
   as (
    WITH raw_listings AS (
    SELECT
        *
    FROM AIRBNB.RAW.RAW_LISTINGS
)
SELECT
    id AS listing_id,
    name AS listing_name,
    listing_url,
    room_type,
    minimum_nights,
    host_id,
    price AS price_str,
    created_at,
    updated_at
FROM
    raw_listings
  );
[0m10:09:34.459657 [debug] [Thread-1  ]: Opening a new connection, currently in state init
[0m10:09:34.460658 [debug] [Thread-2  ]: Using snowflake connection "model.dbtlearn.src_reviews"
[0m10:09:34.463649 [debug] [Thread-2  ]: On model.dbtlearn.src_reviews: /* {"app": "dbt", "dbt_version": "1.9.3", "profile_name": "dbtlearn", "target_name": "dev", "node_id": "model.dbtlearn.src_reviews"} */
create or replace   view AIRBNB.DEV.src_reviews
  
   as (
    WITH raw_reviews AS (
    SELECT
        *
    FROM AIRBNB.RAW.RAW_REVIEWS
)
SELECT
    listing_id,
    date AS review_date,
    reviewer_name,
    comments AS review_text,
    sentiment AS review_sentiment
FROM raw_reviews
  );
[0m10:09:34.463649 [debug] [Thread-2  ]: Opening a new connection, currently in state init
[0m10:09:35.465877 [debug] [Thread-1  ]: SQL status: SUCCESS 1 in 1.006 seconds
[0m10:09:35.487384 [debug] [Thread-1  ]: Sending event: {'category': 'dbt', 'action': 'run_model', 'label': '7d9e7dd7-6e4e-4cbd-bd29-75d998d14662', 'context': [<snowplow_tracker.self_describing_json.SelfDescribingJson object at 0x0000018EBF859940>]}
[0m10:09:35.488394 [info ] [Thread-1  ]: 1 of 2 OK created sql view model DEV.src_listings .............................. [[32mSUCCESS 1[0m in 1.08s]
[0m10:09:35.489394 [debug] [Thread-1  ]: Finished running node model.dbtlearn.src_listings
[0m10:09:35.505507 [debug] [Thread-2  ]: SQL status: SUCCESS 1 in 1.042 seconds
[0m10:09:35.508527 [debug] [Thread-2  ]: Sending event: {'category': 'dbt', 'action': 'run_model', 'label': '7d9e7dd7-6e4e-4cbd-bd29-75d998d14662', 'context': [<snowplow_tracker.self_describing_json.SelfDescribingJson object at 0x0000018EBF880040>]}
[0m10:09:35.509520 [info ] [Thread-2  ]: 2 of 2 OK created sql view model DEV.src_reviews ............................... [[32mSUCCESS 1[0m in 1.10s]
[0m10:09:35.510511 [debug] [Thread-2  ]: Finished running node model.dbtlearn.src_reviews
[0m10:09:35.512505 [debug] [MainThread]: Connection 'master' was properly closed.
[0m10:09:35.513558 [debug] [MainThread]: Connection 'list_AIRBNB' was left open.
[0m10:09:35.513558 [debug] [MainThread]: On list_AIRBNB: Close
[0m10:09:35.871803 [debug] [MainThread]: Connection 'list_AIRBNB_DEV' was left open.
[0m10:09:35.874165 [debug] [MainThread]: On list_AIRBNB_DEV: Close
[0m10:09:36.226435 [debug] [MainThread]: Connection 'model.dbtlearn.src_listings' was left open.
[0m10:09:36.227448 [debug] [MainThread]: On model.dbtlearn.src_listings: Close
[0m10:09:36.573050 [debug] [MainThread]: Connection 'model.dbtlearn.src_reviews' was left open.
[0m10:09:36.573050 [debug] [MainThread]: On model.dbtlearn.src_reviews: Close
[0m10:09:36.913505 [info ] [MainThread]: 
[0m10:09:36.915008 [info ] [MainThread]: Finished running 2 view models in 0 hours 0 minutes and 5.07 seconds (5.07s).
[0m10:09:36.917015 [debug] [MainThread]: Command end result
[0m10:09:36.939753 [debug] [MainThread]: Wrote artifact WritableManifest to C:\Users\jrjos\OneDrive\Documentos\Python Scripts\PythonScripts\Virtual_envs\dbt_zero2hero_training\dbtlearn\target\manifest.json
[0m10:09:36.942779 [debug] [MainThread]: Wrote artifact SemanticManifest to C:\Users\jrjos\OneDrive\Documentos\Python Scripts\PythonScripts\Virtual_envs\dbt_zero2hero_training\dbtlearn\target\semantic_manifest.json
[0m10:09:36.948756 [debug] [MainThread]: Wrote artifact RunExecutionResult to C:\Users\jrjos\OneDrive\Documentos\Python Scripts\PythonScripts\Virtual_envs\dbt_zero2hero_training\dbtlearn\target\run_results.json
[0m10:09:36.949754 [info ] [MainThread]: 
[0m10:09:36.950758 [info ] [MainThread]: [32mCompleted successfully[0m
[0m10:09:36.952008 [info ] [MainThread]: 
[0m10:09:36.953015 [info ] [MainThread]: Done. PASS=2 WARN=0 ERROR=0 SKIP=0 TOTAL=2
[0m10:09:36.955016 [debug] [MainThread]: Command `dbt run` succeeded at 10:09:36.955016 after 7.05 seconds
[0m10:09:36.956072 [debug] [MainThread]: Sending event: {'category': 'dbt', 'action': 'invocation', 'label': 'end', 'context': [<snowplow_tracker.self_describing_json.SelfDescribingJson object at 0x0000018EABE1B8E0>, <snowplow_tracker.self_describing_json.SelfDescribingJson object at 0x0000018EAB92D880>, <snowplow_tracker.self_describing_json.SelfDescribingJson object at 0x0000018EBF0CFEE0>]}
[0m10:09:36.956072 [debug] [MainThread]: Flushing usage events
[0m10:09:37.886371 [debug] [MainThread]: An error was encountered while trying to flush usage events
[0m10:17:25.388457 [debug] [MainThread]: Sending event: {'category': 'dbt', 'action': 'invocation', 'label': 'start', 'context': [<snowplow_tracker.self_describing_json.SelfDescribingJson object at 0x000002569F31B8E0>, <snowplow_tracker.self_describing_json.SelfDescribingJson object at 0x00000256A1399B80>, <snowplow_tracker.self_describing_json.SelfDescribingJson object at 0x00000256A1399D30>]}


============================== 10:17:25.393590 | 68b18d05-1945-4c2d-a0ae-d9b9d9649205 ==============================
[0m10:17:25.393590 [info ] [MainThread]: Running with dbt=1.9.3
[0m10:17:25.394592 [debug] [MainThread]: running dbt with arguments {'printer_width': '80', 'indirect_selection': 'eager', 'write_json': 'True', 'log_cache_events': 'False', 'partial_parse': 'True', 'cache_selected_only': 'False', 'warn_error': 'None', 'version_check': 'True', 'fail_fast': 'False', 'log_path': 'C:\\Users\\jrjos\\OneDrive\\Documentos\\Python Scripts\\PythonScripts\\Virtual_envs\\dbt_zero2hero_training\\dbtlearn\\logs', 'debug': 'False', 'profiles_dir': 'C:\\Users\\jrjos\\.dbt', 'use_colors': 'True', 'use_experimental_parser': 'False', 'empty': 'False', 'quiet': 'False', 'no_print': 'None', 'log_format': 'default', 'invocation_command': 'dbt run', 'warn_error_options': 'WarnErrorOptions(include=[], exclude=[])', 'static_parser': 'True', 'target_path': 'None', 'introspect': 'True', 'send_anonymous_usage_stats': 'True'}
[0m10:17:26.188712 [debug] [MainThread]: Sending event: {'category': 'dbt', 'action': 'project_id', 'label': '68b18d05-1945-4c2d-a0ae-d9b9d9649205', 'context': [<snowplow_tracker.self_describing_json.SelfDescribingJson object at 0x00000256A0CF6B80>]}
[0m10:17:26.242073 [debug] [MainThread]: Sending event: {'category': 'dbt', 'action': 'adapter_info', 'label': '68b18d05-1945-4c2d-a0ae-d9b9d9649205', 'context': [<snowplow_tracker.self_describing_json.SelfDescribingJson object at 0x00000256B1E91A00>]}
[0m10:17:26.244072 [info ] [MainThread]: Registered adapter: snowflake=1.9.2
[0m10:17:26.610120 [debug] [MainThread]: checksum: 5671c00892cdbcef29c3b00cc5ba7510c3d18a35c883caeb9ab9ee266dc29c8f, vars: {}, profile: , target: , version: 1.9.3
[0m10:17:26.797198 [debug] [MainThread]: Partial parsing enabled: 1 files deleted, 1 files added, 0 files changed.
[0m10:17:26.798199 [debug] [MainThread]: Partial parsing: added file: dbtlearn://models\src\src_hosts.sql
[0m10:17:27.067360 [warn ] [MainThread]: [[33mWARNING[0m]: Configuration paths exist in your dbt_project.yml file which do not apply to any resources.
There are 1 unused configuration paths:
- models.dbtlearn.example
[0m10:17:27.074115 [debug] [MainThread]: Sending event: {'category': 'dbt', 'action': 'load_project', 'label': '68b18d05-1945-4c2d-a0ae-d9b9d9649205', 'context': [<snowplow_tracker.self_describing_json.SelfDescribingJson object at 0x00000256B1EE6490>]}
[0m10:17:27.143306 [debug] [MainThread]: Wrote artifact WritableManifest to C:\Users\jrjos\OneDrive\Documentos\Python Scripts\PythonScripts\Virtual_envs\dbt_zero2hero_training\dbtlearn\target\manifest.json
[0m10:17:27.148297 [debug] [MainThread]: Wrote artifact SemanticManifest to C:\Users\jrjos\OneDrive\Documentos\Python Scripts\PythonScripts\Virtual_envs\dbt_zero2hero_training\dbtlearn\target\semantic_manifest.json
[0m10:17:27.172031 [debug] [MainThread]: Sending event: {'category': 'dbt', 'action': 'resource_counts', 'label': '68b18d05-1945-4c2d-a0ae-d9b9d9649205', 'context': [<snowplow_tracker.self_describing_json.SelfDescribingJson object at 0x00000256B242D760>]}
[0m10:17:27.173036 [info ] [MainThread]: Found 3 models, 474 macros
[0m10:17:27.174045 [debug] [MainThread]: Sending event: {'category': 'dbt', 'action': 'runnable_timing', 'label': '68b18d05-1945-4c2d-a0ae-d9b9d9649205', 'context': [<snowplow_tracker.self_describing_json.SelfDescribingJson object at 0x00000256B1EA3070>]}
[0m10:17:27.175042 [info ] [MainThread]: 
[0m10:17:27.176037 [info ] [MainThread]: Concurrency: 2 threads (target='dev')
[0m10:17:27.177098 [info ] [MainThread]: 
[0m10:17:27.179043 [debug] [MainThread]: Acquiring new snowflake connection 'master'
[0m10:17:27.186460 [debug] [ThreadPool]: Acquiring new snowflake connection 'list_AIRBNB'
[0m10:17:27.289210 [debug] [ThreadPool]: Using snowflake connection "list_AIRBNB"
[0m10:17:27.290209 [debug] [ThreadPool]: On list_AIRBNB: /* {"app": "dbt", "dbt_version": "1.9.3", "profile_name": "dbtlearn", "target_name": "dev", "connection_name": "list_AIRBNB"} */
show terse schemas in database AIRBNB
    limit 10000
[0m10:17:27.290209 [debug] [ThreadPool]: Opening a new connection, currently in state init
[0m10:17:28.544249 [debug] [ThreadPool]: SQL status: SUCCESS 4 in 1.253 seconds
[0m10:17:28.548261 [debug] [ThreadPool]: Acquiring new snowflake connection 'list_AIRBNB_DEV'
[0m10:17:28.563145 [debug] [ThreadPool]: Using snowflake connection "list_AIRBNB_DEV"
[0m10:17:28.564145 [debug] [ThreadPool]: On list_AIRBNB_DEV: /* {"app": "dbt", "dbt_version": "1.9.3", "profile_name": "dbtlearn", "target_name": "dev", "connection_name": "list_AIRBNB_DEV"} */
show objects in AIRBNB.DEV limit 10000;
[0m10:17:28.566486 [debug] [ThreadPool]: Opening a new connection, currently in state init
[0m10:17:29.554350 [debug] [ThreadPool]: SQL status: SUCCESS 2 in 0.988 seconds
[0m10:17:29.559360 [debug] [MainThread]: Sending event: {'category': 'dbt', 'action': 'runnable_timing', 'label': '68b18d05-1945-4c2d-a0ae-d9b9d9649205', 'context': [<snowplow_tracker.self_describing_json.SelfDescribingJson object at 0x00000256A1089F70>]}
[0m10:17:29.568912 [debug] [Thread-1  ]: Began running node model.dbtlearn.src_hosts
[0m10:17:29.570508 [debug] [Thread-2  ]: Began running node model.dbtlearn.src_listings
[0m10:17:29.571534 [info ] [Thread-1  ]: 1 of 3 START sql view model DEV.src_hosts ...................................... [RUN]
[0m10:17:29.574532 [info ] [Thread-2  ]: 2 of 3 START sql view model DEV.src_listings ................................... [RUN]
[0m10:17:29.576523 [debug] [Thread-1  ]: Acquiring new snowflake connection 'model.dbtlearn.src_hosts'
[0m10:17:29.578524 [debug] [Thread-2  ]: Acquiring new snowflake connection 'model.dbtlearn.src_listings'
[0m10:17:29.580037 [debug] [Thread-1  ]: Began compiling node model.dbtlearn.src_hosts
[0m10:17:29.581052 [debug] [Thread-2  ]: Began compiling node model.dbtlearn.src_listings
[0m10:17:29.593185 [debug] [Thread-1  ]: Writing injected SQL for node "model.dbtlearn.src_hosts"
[0m10:17:29.595097 [debug] [Thread-2  ]: Writing injected SQL for node "model.dbtlearn.src_listings"
[0m10:17:29.597081 [debug] [Thread-1  ]: Began executing node model.dbtlearn.src_hosts
[0m10:17:29.598085 [debug] [Thread-2  ]: Began executing node model.dbtlearn.src_listings
[0m10:17:29.632459 [debug] [Thread-1  ]: Writing runtime sql for node "model.dbtlearn.src_hosts"
[0m10:17:29.635468 [debug] [Thread-2  ]: Writing runtime sql for node "model.dbtlearn.src_listings"
[0m10:17:29.636381 [debug] [Thread-1  ]: Using snowflake connection "model.dbtlearn.src_hosts"
[0m10:17:29.637381 [debug] [Thread-1  ]: On model.dbtlearn.src_hosts: /* {"app": "dbt", "dbt_version": "1.9.3", "profile_name": "dbtlearn", "target_name": "dev", "node_id": "model.dbtlearn.src_hosts"} */
create or replace   view AIRBNB.DEV.src_hosts
  
   as (
    WITH raw_hosts AS (
    SELECT
        *
    FROM AIRBNB.RAW.RAW_HOSTS
)
SELECT
    id AS host_id,
    NAME AS host_name,
    is_superhost,
    created_at,
    updated_at
    FROM raw_hosts
  );
[0m10:17:29.638382 [debug] [Thread-1  ]: Opening a new connection, currently in state init
[0m10:17:29.639377 [debug] [Thread-2  ]: Using snowflake connection "model.dbtlearn.src_listings"
[0m10:17:29.644512 [debug] [Thread-2  ]: On model.dbtlearn.src_listings: /* {"app": "dbt", "dbt_version": "1.9.3", "profile_name": "dbtlearn", "target_name": "dev", "node_id": "model.dbtlearn.src_listings"} */
create or replace   view AIRBNB.DEV.src_listings
  
   as (
    WITH raw_listings AS (
    SELECT
        *
    FROM AIRBNB.RAW.RAW_LISTINGS
)
SELECT
    id AS listing_id,
    name AS listing_name,
    listing_url,
    room_type,
    minimum_nights,
    host_id,
    price AS price_str,
    created_at,
    updated_at
FROM
    raw_listings
  );
[0m10:17:29.645516 [debug] [Thread-2  ]: Opening a new connection, currently in state init
[0m10:17:30.812379 [debug] [Thread-1  ]: SQL status: SUCCESS 1 in 1.174 seconds
[0m10:17:30.831928 [debug] [Thread-1  ]: Sending event: {'category': 'dbt', 'action': 'run_model', 'label': '68b18d05-1945-4c2d-a0ae-d9b9d9649205', 'context': [<snowplow_tracker.self_describing_json.SelfDescribingJson object at 0x000002569D808C70>]}
[0m10:17:30.832927 [info ] [Thread-1  ]: 1 of 3 OK created sql view model DEV.src_hosts ................................. [[32mSUCCESS 1[0m in 1.25s]
[0m10:17:30.833927 [debug] [Thread-1  ]: Finished running node model.dbtlearn.src_hosts
[0m10:17:30.834923 [debug] [Thread-1  ]: Began running node model.dbtlearn.src_reviews
[0m10:17:30.836023 [info ] [Thread-1  ]: 3 of 3 START sql view model DEV.src_reviews .................................... [RUN]
[0m10:17:30.837029 [debug] [Thread-1  ]: Re-using an available connection from the pool (formerly model.dbtlearn.src_hosts, now model.dbtlearn.src_reviews)
[0m10:17:30.838033 [debug] [Thread-1  ]: Began compiling node model.dbtlearn.src_reviews
[0m10:17:30.842550 [debug] [Thread-1  ]: Writing injected SQL for node "model.dbtlearn.src_reviews"
[0m10:17:30.844558 [debug] [Thread-1  ]: Began executing node model.dbtlearn.src_reviews
[0m10:17:30.849563 [debug] [Thread-1  ]: Writing runtime sql for node "model.dbtlearn.src_reviews"
[0m10:17:30.851734 [debug] [Thread-1  ]: Using snowflake connection "model.dbtlearn.src_reviews"
[0m10:17:30.851734 [debug] [Thread-1  ]: On model.dbtlearn.src_reviews: /* {"app": "dbt", "dbt_version": "1.9.3", "profile_name": "dbtlearn", "target_name": "dev", "node_id": "model.dbtlearn.src_reviews"} */
create or replace   view AIRBNB.DEV.src_reviews
  
   as (
    WITH raw_reviews AS (
    SELECT
        *
    FROM AIRBNB.RAW.RAW_REVIEWS
)
SELECT
    listing_id,
    date AS review_date,
    reviewer_name,
    comments AS review_text,
    sentiment AS review_sentiment
FROM raw_reviews
  );
[0m10:17:30.883356 [debug] [Thread-2  ]: SQL status: SUCCESS 1 in 1.238 seconds
[0m10:17:30.888442 [debug] [Thread-2  ]: Sending event: {'category': 'dbt', 'action': 'run_model', 'label': '68b18d05-1945-4c2d-a0ae-d9b9d9649205', 'context': [<snowplow_tracker.self_describing_json.SelfDescribingJson object at 0x00000256B2BE1E20>]}
[0m10:17:30.889461 [info ] [Thread-2  ]: 2 of 3 OK created sql view model DEV.src_listings .............................. [[32mSUCCESS 1[0m in 1.31s]
[0m10:17:30.890358 [debug] [Thread-2  ]: Finished running node model.dbtlearn.src_listings
[0m10:17:31.230581 [debug] [Thread-1  ]: SQL status: SUCCESS 1 in 0.378 seconds
[0m10:17:31.232668 [debug] [Thread-1  ]: Sending event: {'category': 'dbt', 'action': 'run_model', 'label': '68b18d05-1945-4c2d-a0ae-d9b9d9649205', 'context': [<snowplow_tracker.self_describing_json.SelfDescribingJson object at 0x000002569F203FA0>]}
[0m10:17:31.233674 [info ] [Thread-1  ]: 3 of 3 OK created sql view model DEV.src_reviews ............................... [[32mSUCCESS 1[0m in 0.40s]
[0m10:17:31.235625 [debug] [Thread-1  ]: Finished running node model.dbtlearn.src_reviews
[0m10:17:31.236593 [debug] [MainThread]: Connection 'master' was properly closed.
[0m10:17:31.237588 [debug] [MainThread]: Connection 'list_AIRBNB' was left open.
[0m10:17:31.237588 [debug] [MainThread]: On list_AIRBNB: Close
[0m10:17:31.588257 [debug] [MainThread]: Connection 'list_AIRBNB_DEV' was left open.
[0m10:17:31.588257 [debug] [MainThread]: On list_AIRBNB_DEV: Close
[0m10:17:31.932977 [debug] [MainThread]: Connection 'model.dbtlearn.src_reviews' was left open.
[0m10:17:31.933978 [debug] [MainThread]: On model.dbtlearn.src_reviews: Close
[0m10:17:32.295681 [debug] [MainThread]: Connection 'model.dbtlearn.src_listings' was left open.
[0m10:17:32.295681 [debug] [MainThread]: On model.dbtlearn.src_listings: Close
[0m10:17:32.639122 [info ] [MainThread]: 
[0m10:17:32.640124 [info ] [MainThread]: Finished running 3 view models in 0 hours 0 minutes and 5.46 seconds (5.46s).
[0m10:17:32.640758 [debug] [MainThread]: Command end result
[0m10:17:32.671589 [debug] [MainThread]: Wrote artifact WritableManifest to C:\Users\jrjos\OneDrive\Documentos\Python Scripts\PythonScripts\Virtual_envs\dbt_zero2hero_training\dbtlearn\target\manifest.json
[0m10:17:32.673598 [debug] [MainThread]: Wrote artifact SemanticManifest to C:\Users\jrjos\OneDrive\Documentos\Python Scripts\PythonScripts\Virtual_envs\dbt_zero2hero_training\dbtlearn\target\semantic_manifest.json
[0m10:17:32.682282 [debug] [MainThread]: Wrote artifact RunExecutionResult to C:\Users\jrjos\OneDrive\Documentos\Python Scripts\PythonScripts\Virtual_envs\dbt_zero2hero_training\dbtlearn\target\run_results.json
[0m10:17:32.684289 [info ] [MainThread]: 
[0m10:17:32.686290 [info ] [MainThread]: [32mCompleted successfully[0m
[0m10:17:32.687291 [info ] [MainThread]: 
[0m10:17:32.689290 [info ] [MainThread]: Done. PASS=3 WARN=0 ERROR=0 SKIP=0 TOTAL=3
[0m10:17:32.691595 [debug] [MainThread]: Command `dbt run` succeeded at 10:17:32.690290 after 7.42 seconds
[0m10:17:32.691595 [debug] [MainThread]: Sending event: {'category': 'dbt', 'action': 'invocation', 'label': 'end', 'context': [<snowplow_tracker.self_describing_json.SelfDescribingJson object at 0x000002569F31B8E0>, <snowplow_tracker.self_describing_json.SelfDescribingJson object at 0x000002569E34F3D0>, <snowplow_tracker.self_describing_json.SelfDescribingJson object at 0x00000256A1381BE0>]}
[0m10:17:32.692581 [debug] [MainThread]: Flushing usage events
[0m10:17:33.497719 [debug] [MainThread]: An error was encountered while trying to flush usage events
[0m10:50:34.670906 [debug] [MainThread]: Sending event: {'category': 'dbt', 'action': 'invocation', 'label': 'start', 'context': [<snowplow_tracker.self_describing_json.SelfDescribingJson object at 0x000001E08E1FB940>, <snowplow_tracker.self_describing_json.SelfDescribingJson object at 0x000001E090289C10>, <snowplow_tracker.self_describing_json.SelfDescribingJson object at 0x000001E090289FA0>]}


============================== 10:50:34.673913 | 5018cc76-e911-4f42-b02a-c247c2d9289b ==============================
[0m10:50:34.673913 [info ] [MainThread]: Running with dbt=1.9.3
[0m10:50:34.675824 [debug] [MainThread]: running dbt with arguments {'printer_width': '80', 'indirect_selection': 'eager', 'write_json': 'True', 'log_cache_events': 'False', 'partial_parse': 'True', 'cache_selected_only': 'False', 'profiles_dir': 'C:\\Users\\jrjos\\.dbt', 'debug': 'False', 'fail_fast': 'False', 'log_path': 'C:\\Users\\jrjos\\OneDrive\\Documentos\\Python Scripts\\PythonScripts\\Virtual_envs\\dbt_zero2hero_training\\dbtlearn\\logs', 'version_check': 'True', 'warn_error': 'None', 'use_colors': 'True', 'use_experimental_parser': 'False', 'empty': 'False', 'quiet': 'False', 'no_print': 'None', 'warn_error_options': 'WarnErrorOptions(include=[], exclude=[])', 'static_parser': 'True', 'log_format': 'default', 'introspect': 'True', 'target_path': 'None', 'invocation_command': 'dbt run', 'send_anonymous_usage_stats': 'True'}
[0m10:50:35.519920 [debug] [MainThread]: Sending event: {'category': 'dbt', 'action': 'project_id', 'label': '5018cc76-e911-4f42-b02a-c247c2d9289b', 'context': [<snowplow_tracker.self_describing_json.SelfDescribingJson object at 0x000001E0A0DA4B80>]}
[0m10:50:35.580431 [debug] [MainThread]: Sending event: {'category': 'dbt', 'action': 'adapter_info', 'label': '5018cc76-e911-4f42-b02a-c247c2d9289b', 'context': [<snowplow_tracker.self_describing_json.SelfDescribingJson object at 0x000001E08FF80070>]}
[0m10:50:35.582392 [info ] [MainThread]: Registered adapter: snowflake=1.9.2
[0m10:50:35.975505 [debug] [MainThread]: checksum: 5671c00892cdbcef29c3b00cc5ba7510c3d18a35c883caeb9ab9ee266dc29c8f, vars: {}, profile: , target: , version: 1.9.3
[0m10:50:36.136822 [debug] [MainThread]: Partial parsing enabled: 0 files deleted, 1 files added, 0 files changed.
[0m10:50:36.136822 [debug] [MainThread]: Partial parsing: added file: dbtlearn://models\dim\dim_listings_cleansed.sql
[0m10:50:36.419278 [warn ] [MainThread]: [[33mWARNING[0m]: Configuration paths exist in your dbt_project.yml file which do not apply to any resources.
There are 1 unused configuration paths:
- models.dbtlearn.example
[0m10:50:36.423963 [debug] [MainThread]: Sending event: {'category': 'dbt', 'action': 'load_project', 'label': '5018cc76-e911-4f42-b02a-c247c2d9289b', 'context': [<snowplow_tracker.self_describing_json.SelfDescribingJson object at 0x000001E0A0D812B0>]}
[0m10:50:36.495446 [debug] [MainThread]: Wrote artifact WritableManifest to C:\Users\jrjos\OneDrive\Documentos\Python Scripts\PythonScripts\Virtual_envs\dbt_zero2hero_training\dbtlearn\target\manifest.json
[0m10:50:36.500962 [debug] [MainThread]: Wrote artifact SemanticManifest to C:\Users\jrjos\OneDrive\Documentos\Python Scripts\PythonScripts\Virtual_envs\dbt_zero2hero_training\dbtlearn\target\semantic_manifest.json
[0m10:50:36.522412 [debug] [MainThread]: Sending event: {'category': 'dbt', 'action': 'resource_counts', 'label': '5018cc76-e911-4f42-b02a-c247c2d9289b', 'context': [<snowplow_tracker.self_describing_json.SelfDescribingJson object at 0x000001E08D4887C0>]}
[0m10:50:36.523410 [info ] [MainThread]: Found 4 models, 474 macros
[0m10:50:36.525410 [debug] [MainThread]: Sending event: {'category': 'dbt', 'action': 'runnable_timing', 'label': '5018cc76-e911-4f42-b02a-c247c2d9289b', 'context': [<snowplow_tracker.self_describing_json.SelfDescribingJson object at 0x000001E0A0D93490>]}
[0m10:50:36.527918 [info ] [MainThread]: 
[0m10:50:36.530222 [info ] [MainThread]: Concurrency: 2 threads (target='dev')
[0m10:50:36.531230 [info ] [MainThread]: 
[0m10:50:36.532234 [debug] [MainThread]: Acquiring new snowflake connection 'master'
[0m10:50:36.540261 [debug] [ThreadPool]: Acquiring new snowflake connection 'list_AIRBNB'
[0m10:50:36.651617 [debug] [ThreadPool]: Using snowflake connection "list_AIRBNB"
[0m10:50:36.652626 [debug] [ThreadPool]: On list_AIRBNB: /* {"app": "dbt", "dbt_version": "1.9.3", "profile_name": "dbtlearn", "target_name": "dev", "connection_name": "list_AIRBNB"} */
show terse schemas in database AIRBNB
    limit 10000
[0m10:50:36.653583 [debug] [ThreadPool]: Opening a new connection, currently in state init
[0m10:50:37.851172 [debug] [ThreadPool]: SQL status: SUCCESS 4 in 1.198 seconds
[0m10:50:37.855544 [debug] [ThreadPool]: Acquiring new snowflake connection 'list_AIRBNB_DEV'
[0m10:50:37.890500 [debug] [ThreadPool]: Using snowflake connection "list_AIRBNB_DEV"
[0m10:50:37.891749 [debug] [ThreadPool]: On list_AIRBNB_DEV: /* {"app": "dbt", "dbt_version": "1.9.3", "profile_name": "dbtlearn", "target_name": "dev", "connection_name": "list_AIRBNB_DEV"} */
show objects in AIRBNB.DEV limit 10000;
[0m10:50:37.892794 [debug] [ThreadPool]: Opening a new connection, currently in state init
[0m10:50:38.889913 [debug] [ThreadPool]: SQL status: SUCCESS 3 in 0.996 seconds
[0m10:50:38.894024 [debug] [MainThread]: Sending event: {'category': 'dbt', 'action': 'runnable_timing', 'label': '5018cc76-e911-4f42-b02a-c247c2d9289b', 'context': [<snowplow_tracker.self_describing_json.SelfDescribingJson object at 0x000001E0A0D9DDC0>]}
[0m10:50:38.901455 [debug] [Thread-1  ]: Began running node model.dbtlearn.src_hosts
[0m10:50:38.902542 [debug] [Thread-2  ]: Began running node model.dbtlearn.src_listings
[0m10:50:38.903424 [info ] [Thread-1  ]: 1 of 4 START sql view model DEV.src_hosts ...................................... [RUN]
[0m10:50:38.907948 [debug] [Thread-1  ]: Acquiring new snowflake connection 'model.dbtlearn.src_hosts'
[0m10:50:38.905436 [info ] [Thread-2  ]: 2 of 4 START sql view model DEV.src_listings ................................... [RUN]
[0m10:50:38.909959 [debug] [Thread-1  ]: Began compiling node model.dbtlearn.src_hosts
[0m10:50:38.910973 [debug] [Thread-2  ]: Acquiring new snowflake connection 'model.dbtlearn.src_listings'
[0m10:50:38.921014 [debug] [Thread-1  ]: Writing injected SQL for node "model.dbtlearn.src_hosts"
[0m10:50:38.921938 [debug] [Thread-2  ]: Began compiling node model.dbtlearn.src_listings
[0m10:50:38.925542 [debug] [Thread-2  ]: Writing injected SQL for node "model.dbtlearn.src_listings"
[0m10:50:38.929989 [debug] [Thread-1  ]: Began executing node model.dbtlearn.src_hosts
[0m10:50:38.946738 [debug] [Thread-2  ]: Began executing node model.dbtlearn.src_listings
[0m10:50:38.958598 [debug] [Thread-1  ]: Writing runtime sql for node "model.dbtlearn.src_hosts"
[0m10:50:38.962617 [debug] [Thread-2  ]: Writing runtime sql for node "model.dbtlearn.src_listings"
[0m10:50:38.964599 [debug] [Thread-1  ]: Using snowflake connection "model.dbtlearn.src_hosts"
[0m10:50:38.968109 [debug] [Thread-2  ]: Using snowflake connection "model.dbtlearn.src_listings"
[0m10:50:38.969121 [debug] [Thread-1  ]: On model.dbtlearn.src_hosts: /* {"app": "dbt", "dbt_version": "1.9.3", "profile_name": "dbtlearn", "target_name": "dev", "node_id": "model.dbtlearn.src_hosts"} */
create or replace   view AIRBNB.DEV.src_hosts
  
   as (
    WITH raw_hosts AS (
    SELECT
        *
    FROM AIRBNB.RAW.RAW_HOSTS
)
SELECT
    id AS host_id,
    NAME AS host_name,
    is_superhost,
    created_at,
    updated_at
    FROM raw_hosts
  );
[0m10:50:38.970117 [debug] [Thread-2  ]: On model.dbtlearn.src_listings: /* {"app": "dbt", "dbt_version": "1.9.3", "profile_name": "dbtlearn", "target_name": "dev", "node_id": "model.dbtlearn.src_listings"} */
create or replace   view AIRBNB.DEV.src_listings
  
   as (
    WITH raw_listings AS (
    SELECT
        *
    FROM AIRBNB.RAW.RAW_LISTINGS
)
SELECT
    id AS listing_id,
    name AS listing_name,
    listing_url,
    room_type,
    minimum_nights,
    host_id,
    price AS price_str,
    created_at,
    updated_at
FROM
    raw_listings
  );
[0m10:50:38.971122 [debug] [Thread-1  ]: Opening a new connection, currently in state init
[0m10:50:38.972123 [debug] [Thread-2  ]: Opening a new connection, currently in state init
[0m10:50:40.078117 [debug] [Thread-2  ]: SQL status: SUCCESS 1 in 1.107 seconds
[0m10:50:40.105161 [debug] [Thread-1  ]: SQL status: SUCCESS 1 in 1.134 seconds
[0m10:50:40.111320 [debug] [Thread-2  ]: Sending event: {'category': 'dbt', 'action': 'run_model', 'label': '5018cc76-e911-4f42-b02a-c247c2d9289b', 'context': [<snowplow_tracker.self_describing_json.SelfDescribingJson object at 0x000001E0A1AAA1C0>]}
[0m10:50:40.111320 [debug] [Thread-1  ]: Sending event: {'category': 'dbt', 'action': 'run_model', 'label': '5018cc76-e911-4f42-b02a-c247c2d9289b', 'context': [<snowplow_tracker.self_describing_json.SelfDescribingJson object at 0x000001E0A1B1DC40>]}
[0m10:50:40.112281 [info ] [Thread-2  ]: 2 of 4 OK created sql view model DEV.src_listings .............................. [[32mSUCCESS 1[0m in 1.19s]
[0m10:50:40.114227 [debug] [Thread-2  ]: Finished running node model.dbtlearn.src_listings
[0m10:50:40.113332 [info ] [Thread-1  ]: 1 of 4 OK created sql view model DEV.src_hosts ................................. [[32mSUCCESS 1[0m in 1.20s]
[0m10:50:40.115226 [debug] [Thread-2  ]: Began running node model.dbtlearn.src_reviews
[0m10:50:40.117222 [debug] [Thread-1  ]: Finished running node model.dbtlearn.src_hosts
[0m10:50:40.117222 [info ] [Thread-2  ]: 3 of 4 START sql view model DEV.src_reviews .................................... [RUN]
[0m10:50:40.118225 [debug] [Thread-1  ]: Began running node model.dbtlearn.dim_listings_cleansed
[0m10:50:40.119548 [debug] [Thread-2  ]: Re-using an available connection from the pool (formerly model.dbtlearn.src_listings, now model.dbtlearn.src_reviews)
[0m10:50:40.120549 [info ] [Thread-1  ]: 4 of 4 START sql view model DEV.dim_listings_cleansed .......................... [RUN]
[0m10:50:40.121548 [debug] [Thread-2  ]: Began compiling node model.dbtlearn.src_reviews
[0m10:50:40.122561 [debug] [Thread-1  ]: Re-using an available connection from the pool (formerly model.dbtlearn.src_hosts, now model.dbtlearn.dim_listings_cleansed)
[0m10:50:40.126019 [debug] [Thread-2  ]: Writing injected SQL for node "model.dbtlearn.src_reviews"
[0m10:50:40.128020 [debug] [Thread-1  ]: Began compiling node model.dbtlearn.dim_listings_cleansed
[0m10:50:40.133529 [debug] [Thread-1  ]: Writing injected SQL for node "model.dbtlearn.dim_listings_cleansed"
[0m10:50:40.134529 [debug] [Thread-2  ]: Began executing node model.dbtlearn.src_reviews
[0m10:50:40.135534 [debug] [Thread-1  ]: Began executing node model.dbtlearn.dim_listings_cleansed
[0m10:50:40.140156 [debug] [Thread-2  ]: Writing runtime sql for node "model.dbtlearn.src_reviews"
[0m10:50:40.143162 [debug] [Thread-1  ]: Writing runtime sql for node "model.dbtlearn.dim_listings_cleansed"
[0m10:50:40.145154 [debug] [Thread-2  ]: Using snowflake connection "model.dbtlearn.src_reviews"
[0m10:50:40.146660 [debug] [Thread-2  ]: On model.dbtlearn.src_reviews: /* {"app": "dbt", "dbt_version": "1.9.3", "profile_name": "dbtlearn", "target_name": "dev", "node_id": "model.dbtlearn.src_reviews"} */
create or replace   view AIRBNB.DEV.src_reviews
  
   as (
    WITH raw_reviews AS (
    SELECT
        *
    FROM AIRBNB.RAW.RAW_REVIEWS
)
SELECT
    listing_id,
    date AS review_date,
    reviewer_name,
    comments AS review_text,
    sentiment AS review_sentiment
FROM raw_reviews
  );
[0m10:50:40.149228 [debug] [Thread-1  ]: Using snowflake connection "model.dbtlearn.dim_listings_cleansed"
[0m10:50:40.151250 [debug] [Thread-1  ]: On model.dbtlearn.dim_listings_cleansed: /* {"app": "dbt", "dbt_version": "1.9.3", "profile_name": "dbtlearn", "target_name": "dev", "node_id": "model.dbtlearn.dim_listings_cleansed"} */
create or replace   view AIRBNB.DEV.dim_listings_cleansed
  
   as (
    WITH src_listings AS (
    SELECT * FROM AIRBNB.DEV.src_listings
)
SELECT
    listing_id,
    listing_name,
    room_type,
    CASE
        WHEN minimum_nights = 0 
            THEN 1
            ELSE minimum_nights
    END AS minimum_nights,
    host_id,
    REPLACE(price_str,'$') :: NUMBER(10,2) AS price,
    created_at,
    updated_at
FROM src_listings
  );
[0m10:50:40.523821 [debug] [Thread-1  ]: SQL status: SUCCESS 1 in 0.371 seconds
[0m10:50:40.528160 [debug] [Thread-1  ]: Sending event: {'category': 'dbt', 'action': 'run_model', 'label': '5018cc76-e911-4f42-b02a-c247c2d9289b', 'context': [<snowplow_tracker.self_describing_json.SelfDescribingJson object at 0x000001E08C8055B0>]}
[0m10:50:40.530175 [info ] [Thread-1  ]: 4 of 4 OK created sql view model DEV.dim_listings_cleansed ..................... [[32mSUCCESS 1[0m in 0.40s]
[0m10:50:40.532180 [debug] [Thread-1  ]: Finished running node model.dbtlearn.dim_listings_cleansed
[0m10:50:40.539125 [debug] [Thread-2  ]: SQL status: SUCCESS 1 in 0.388 seconds
[0m10:50:40.541333 [debug] [Thread-2  ]: Sending event: {'category': 'dbt', 'action': 'run_model', 'label': '5018cc76-e911-4f42-b02a-c247c2d9289b', 'context': [<snowplow_tracker.self_describing_json.SelfDescribingJson object at 0x000001E08F569D90>]}
[0m10:50:40.542427 [info ] [Thread-2  ]: 3 of 4 OK created sql view model DEV.src_reviews ............................... [[32mSUCCESS 1[0m in 0.42s]
[0m10:50:40.543341 [debug] [Thread-2  ]: Finished running node model.dbtlearn.src_reviews
[0m10:50:40.545340 [debug] [MainThread]: Connection 'master' was properly closed.
[0m10:50:40.546341 [debug] [MainThread]: Connection 'list_AIRBNB' was left open.
[0m10:50:40.547851 [debug] [MainThread]: On list_AIRBNB: Close
[0m10:50:40.964297 [debug] [MainThread]: Connection 'list_AIRBNB_DEV' was left open.
[0m10:50:40.964297 [debug] [MainThread]: On list_AIRBNB_DEV: Close
[0m10:50:41.336690 [debug] [MainThread]: Connection 'model.dbtlearn.dim_listings_cleansed' was left open.
[0m10:50:41.338209 [debug] [MainThread]: On model.dbtlearn.dim_listings_cleansed: Close
[0m10:50:41.684193 [debug] [MainThread]: Connection 'model.dbtlearn.src_reviews' was left open.
[0m10:50:41.685191 [debug] [MainThread]: On model.dbtlearn.src_reviews: Close
[0m10:50:42.034728 [info ] [MainThread]: 
[0m10:50:42.035830 [info ] [MainThread]: Finished running 4 view models in 0 hours 0 minutes and 5.50 seconds (5.50s).
[0m10:50:42.038236 [debug] [MainThread]: Command end result
[0m10:50:42.065988 [debug] [MainThread]: Wrote artifact WritableManifest to C:\Users\jrjos\OneDrive\Documentos\Python Scripts\PythonScripts\Virtual_envs\dbt_zero2hero_training\dbtlearn\target\manifest.json
[0m10:50:42.071503 [debug] [MainThread]: Wrote artifact SemanticManifest to C:\Users\jrjos\OneDrive\Documentos\Python Scripts\PythonScripts\Virtual_envs\dbt_zero2hero_training\dbtlearn\target\semantic_manifest.json
[0m10:50:42.081139 [debug] [MainThread]: Wrote artifact RunExecutionResult to C:\Users\jrjos\OneDrive\Documentos\Python Scripts\PythonScripts\Virtual_envs\dbt_zero2hero_training\dbtlearn\target\run_results.json
[0m10:50:42.082134 [info ] [MainThread]: 
[0m10:50:42.083151 [info ] [MainThread]: [32mCompleted successfully[0m
[0m10:50:42.084192 [info ] [MainThread]: 
[0m10:50:42.084192 [info ] [MainThread]: Done. PASS=4 WARN=0 ERROR=0 SKIP=0 TOTAL=4
[0m10:50:42.087198 [debug] [MainThread]: Command `dbt run` succeeded at 10:50:42.086197 after 7.54 seconds
[0m10:50:42.088702 [debug] [MainThread]: Sending event: {'category': 'dbt', 'action': 'invocation', 'label': 'end', 'context': [<snowplow_tracker.self_describing_json.SelfDescribingJson object at 0x000001E08E1FB940>, <snowplow_tracker.self_describing_json.SelfDescribingJson object at 0x000001E08D4887C0>, <snowplow_tracker.self_describing_json.SelfDescribingJson object at 0x000001E0A2B34940>]}
[0m10:50:42.089710 [debug] [MainThread]: Flushing usage events
[0m10:50:43.120881 [debug] [MainThread]: An error was encountered while trying to flush usage events
[0m16:55:09.977463 [debug] [MainThread]: Sending event: {'category': 'dbt', 'action': 'invocation', 'label': 'start', 'context': [<snowplow_tracker.self_describing_json.SelfDescribingJson object at 0x000002D24A26B910>, <snowplow_tracker.self_describing_json.SelfDescribingJson object at 0x000002D24C2E8340>, <snowplow_tracker.self_describing_json.SelfDescribingJson object at 0x000002D24C2E80A0>]}


============================== 16:55:09.998424 | 976de5a0-5830-4677-a2e0-8e69da50e78a ==============================
[0m16:55:09.998424 [info ] [MainThread]: Running with dbt=1.9.3
[0m16:55:10.000428 [debug] [MainThread]: running dbt with arguments {'printer_width': '80', 'indirect_selection': 'eager', 'log_cache_events': 'False', 'write_json': 'True', 'partial_parse': 'True', 'cache_selected_only': 'False', 'profiles_dir': 'C:\\Users\\jrjos\\.dbt', 'fail_fast': 'False', 'warn_error': 'None', 'log_path': 'C:\\Users\\jrjos\\OneDrive\\Documentos\\Python Scripts\\PythonScripts\\Virtual_envs\\dbt_zero2hero_training\\dbtlearn\\logs', 'version_check': 'True', 'debug': 'False', 'use_colors': 'True', 'use_experimental_parser': 'False', 'no_print': 'None', 'quiet': 'False', 'empty': 'False', 'log_format': 'default', 'static_parser': 'True', 'invocation_command': 'dbt run', 'introspect': 'True', 'target_path': 'None', 'warn_error_options': 'WarnErrorOptions(include=[], exclude=[])', 'send_anonymous_usage_stats': 'True'}
[0m16:55:15.110165 [debug] [MainThread]: Sending event: {'category': 'dbt', 'action': 'project_id', 'label': '976de5a0-5830-4677-a2e0-8e69da50e78a', 'context': [<snowplow_tracker.self_describing_json.SelfDescribingJson object at 0x000002D24C2D1850>]}
[0m16:55:15.165018 [debug] [MainThread]: Sending event: {'category': 'dbt', 'action': 'adapter_info', 'label': '976de5a0-5830-4677-a2e0-8e69da50e78a', 'context': [<snowplow_tracker.self_describing_json.SelfDescribingJson object at 0x000002D24BCB61F0>]}
[0m16:55:15.177092 [info ] [MainThread]: Registered adapter: snowflake=1.9.2
[0m16:55:15.591390 [debug] [MainThread]: checksum: 5671c00892cdbcef29c3b00cc5ba7510c3d18a35c883caeb9ab9ee266dc29c8f, vars: {}, profile: , target: , version: 1.9.3
[0m16:55:15.666100 [info ] [MainThread]: Unable to do partial parsing because a project config has changed
[0m16:55:15.667104 [debug] [MainThread]: Sending event: {'category': 'dbt', 'action': 'partial_parser', 'label': '976de5a0-5830-4677-a2e0-8e69da50e78a', 'context': [<snowplow_tracker.self_describing_json.SelfDescribingJson object at 0x000002D24BC13C70>]}
[0m16:55:16.840807 [warn ] [MainThread]: [[33mWARNING[0m]: Configuration paths exist in your dbt_project.yml file which do not apply to any resources.
There are 1 unused configuration paths:
- models.dbtlearn.example
[0m16:55:16.848320 [debug] [MainThread]: Sending event: {'category': 'dbt', 'action': 'load_project', 'label': '976de5a0-5830-4677-a2e0-8e69da50e78a', 'context': [<snowplow_tracker.self_describing_json.SelfDescribingJson object at 0x000002D25D462130>]}
[0m16:55:16.924316 [debug] [MainThread]: Wrote artifact WritableManifest to C:\Users\jrjos\OneDrive\Documentos\Python Scripts\PythonScripts\Virtual_envs\dbt_zero2hero_training\dbtlearn\target\manifest.json
[0m16:55:16.929323 [debug] [MainThread]: Wrote artifact SemanticManifest to C:\Users\jrjos\OneDrive\Documentos\Python Scripts\PythonScripts\Virtual_envs\dbt_zero2hero_training\dbtlearn\target\semantic_manifest.json
[0m16:55:17.109135 [debug] [MainThread]: Sending event: {'category': 'dbt', 'action': 'resource_counts', 'label': '976de5a0-5830-4677-a2e0-8e69da50e78a', 'context': [<snowplow_tracker.self_describing_json.SelfDescribingJson object at 0x000002D25D3CE700>]}
[0m16:55:17.110142 [info ] [MainThread]: Found 5 models, 474 macros
[0m16:55:17.111141 [debug] [MainThread]: Sending event: {'category': 'dbt', 'action': 'runnable_timing', 'label': '976de5a0-5830-4677-a2e0-8e69da50e78a', 'context': [<snowplow_tracker.self_describing_json.SelfDescribingJson object at 0x000002D25D4896A0>]}
[0m16:55:17.113161 [info ] [MainThread]: 
[0m16:55:17.113161 [info ] [MainThread]: Concurrency: 2 threads (target='dev')
[0m16:55:17.114570 [info ] [MainThread]: 
[0m16:55:17.116001 [debug] [MainThread]: Acquiring new snowflake connection 'master'
[0m16:55:17.122007 [debug] [ThreadPool]: Acquiring new snowflake connection 'list_AIRBNB'
[0m16:55:17.313097 [debug] [ThreadPool]: Using snowflake connection "list_AIRBNB"
[0m16:55:17.314104 [debug] [ThreadPool]: On list_AIRBNB: /* {"app": "dbt", "dbt_version": "1.9.3", "profile_name": "dbtlearn", "target_name": "dev", "connection_name": "list_AIRBNB"} */
show terse schemas in database AIRBNB
    limit 10000
[0m16:55:17.315104 [debug] [ThreadPool]: Opening a new connection, currently in state init
[0m16:55:19.548238 [debug] [ThreadPool]: SQL status: SUCCESS 4 in 2.234 seconds
[0m16:55:19.551202 [debug] [ThreadPool]: Acquiring new snowflake connection 'list_AIRBNB_DEV'
[0m16:55:19.562328 [debug] [ThreadPool]: Using snowflake connection "list_AIRBNB_DEV"
[0m16:55:19.563334 [debug] [ThreadPool]: On list_AIRBNB_DEV: /* {"app": "dbt", "dbt_version": "1.9.3", "profile_name": "dbtlearn", "target_name": "dev", "connection_name": "list_AIRBNB_DEV"} */
show objects in AIRBNB.DEV limit 10000;
[0m16:55:19.563334 [debug] [ThreadPool]: Opening a new connection, currently in state init
[0m16:55:20.693505 [debug] [ThreadPool]: SQL status: SUCCESS 4 in 1.129 seconds
[0m16:55:20.696656 [debug] [MainThread]: Sending event: {'category': 'dbt', 'action': 'runnable_timing', 'label': '976de5a0-5830-4677-a2e0-8e69da50e78a', 'context': [<snowplow_tracker.self_describing_json.SelfDescribingJson object at 0x000002D25CDFDFD0>]}
[0m16:55:20.721430 [debug] [Thread-1  ]: Began running node model.dbtlearn.src_hosts
[0m16:55:20.722430 [debug] [Thread-2  ]: Began running node model.dbtlearn.src_listings
[0m16:55:20.723430 [info ] [Thread-1  ]: 1 of 5 START sql view model DEV.src_hosts ...................................... [RUN]
[0m16:55:20.723935 [info ] [Thread-2  ]: 2 of 5 START sql view model DEV.src_listings ................................... [RUN]
[0m16:55:20.724940 [debug] [Thread-1  ]: Acquiring new snowflake connection 'model.dbtlearn.src_hosts'
[0m16:55:20.725945 [debug] [Thread-2  ]: Acquiring new snowflake connection 'model.dbtlearn.src_listings'
[0m16:55:20.726947 [debug] [Thread-1  ]: Began compiling node model.dbtlearn.src_hosts
[0m16:55:20.727948 [debug] [Thread-2  ]: Began compiling node model.dbtlearn.src_listings
[0m16:55:20.736455 [debug] [Thread-1  ]: Writing injected SQL for node "model.dbtlearn.src_hosts"
[0m16:55:20.741874 [debug] [Thread-2  ]: Writing injected SQL for node "model.dbtlearn.src_listings"
[0m16:55:20.744388 [debug] [Thread-1  ]: Began executing node model.dbtlearn.src_hosts
[0m16:55:20.744388 [debug] [Thread-2  ]: Began executing node model.dbtlearn.src_listings
[0m16:55:20.778102 [debug] [Thread-1  ]: Writing runtime sql for node "model.dbtlearn.src_hosts"
[0m16:55:20.785344 [debug] [Thread-2  ]: Writing runtime sql for node "model.dbtlearn.src_listings"
[0m16:55:20.787996 [debug] [Thread-1  ]: Using snowflake connection "model.dbtlearn.src_hosts"
[0m16:55:20.789576 [debug] [Thread-2  ]: Using snowflake connection "model.dbtlearn.src_listings"
[0m16:55:20.790106 [debug] [Thread-1  ]: On model.dbtlearn.src_hosts: /* {"app": "dbt", "dbt_version": "1.9.3", "profile_name": "dbtlearn", "target_name": "dev", "node_id": "model.dbtlearn.src_hosts"} */
create or replace   view AIRBNB.DEV.src_hosts
  
   as (
    WITH raw_hosts AS (
    SELECT
        *
    FROM AIRBNB.RAW.RAW_HOSTS
)
SELECT
    id AS host_id,
    NAME AS host_name,
    is_superhost,
    created_at,
    updated_at
    FROM raw_hosts
  );
[0m16:55:20.791247 [debug] [Thread-2  ]: On model.dbtlearn.src_listings: /* {"app": "dbt", "dbt_version": "1.9.3", "profile_name": "dbtlearn", "target_name": "dev", "node_id": "model.dbtlearn.src_listings"} */
create or replace   view AIRBNB.DEV.src_listings
  
   as (
    WITH raw_listings AS (
    SELECT
        *
    FROM AIRBNB.RAW.RAW_LISTINGS
)
SELECT
    id AS listing_id,
    name AS listing_name,
    listing_url,
    room_type,
    minimum_nights,
    host_id,
    price AS price_str,
    created_at,
    updated_at
FROM
    raw_listings
  );
[0m16:55:20.791774 [debug] [Thread-1  ]: Opening a new connection, currently in state init
[0m16:55:20.792345 [debug] [Thread-2  ]: Opening a new connection, currently in state init
[0m16:55:22.048362 [debug] [Thread-1  ]: SQL status: SUCCESS 1 in 1.257 seconds
[0m16:55:22.074240 [debug] [Thread-2  ]: SQL status: SUCCESS 1 in 1.282 seconds
[0m16:55:22.088279 [debug] [Thread-1  ]: Sending event: {'category': 'dbt', 'action': 'run_model', 'label': '976de5a0-5830-4677-a2e0-8e69da50e78a', 'context': [<snowplow_tracker.self_describing_json.SelfDescribingJson object at 0x000002D25D1BF040>]}
[0m16:55:22.088279 [debug] [Thread-2  ]: Sending event: {'category': 'dbt', 'action': 'run_model', 'label': '976de5a0-5830-4677-a2e0-8e69da50e78a', 'context': [<snowplow_tracker.self_describing_json.SelfDescribingJson object at 0x000002D25DBDEF40>]}
[0m16:55:22.089297 [info ] [Thread-1  ]: 1 of 5 OK created sql view model DEV.src_hosts ................................. [[32mSUCCESS 1[0m in 1.35s]
[0m16:55:22.090296 [info ] [Thread-2  ]: 2 of 5 OK created sql view model DEV.src_listings .............................. [[32mSUCCESS 1[0m in 1.35s]
[0m16:55:22.091283 [debug] [Thread-1  ]: Finished running node model.dbtlearn.src_hosts
[0m16:55:22.092281 [debug] [Thread-2  ]: Finished running node model.dbtlearn.src_listings
[0m16:55:22.092281 [debug] [Thread-1  ]: Began running node model.dbtlearn.src_reviews
[0m16:55:22.093793 [debug] [Thread-2  ]: Began running node model.dbtlearn.dim_hosts_cleansed
[0m16:55:22.094799 [info ] [Thread-1  ]: 3 of 5 START sql view model DEV.src_reviews .................................... [RUN]
[0m16:55:22.095811 [debug] [Thread-1  ]: Re-using an available connection from the pool (formerly model.dbtlearn.src_hosts, now model.dbtlearn.src_reviews)
[0m16:55:22.095811 [info ] [Thread-2  ]: 4 of 5 START sql view model DEV.dim_hosts_cleansed ............................. [RUN]
[0m16:55:22.098808 [debug] [Thread-2  ]: Re-using an available connection from the pool (formerly model.dbtlearn.src_listings, now model.dbtlearn.dim_hosts_cleansed)
[0m16:55:22.097811 [debug] [Thread-1  ]: Began compiling node model.dbtlearn.src_reviews
[0m16:55:22.099840 [debug] [Thread-2  ]: Began compiling node model.dbtlearn.dim_hosts_cleansed
[0m16:55:22.104324 [debug] [Thread-1  ]: Writing injected SQL for node "model.dbtlearn.src_reviews"
[0m16:55:22.107323 [debug] [Thread-2  ]: Writing injected SQL for node "model.dbtlearn.dim_hosts_cleansed"
[0m16:55:22.110324 [debug] [Thread-2  ]: Began executing node model.dbtlearn.dim_hosts_cleansed
[0m16:55:22.110324 [debug] [Thread-1  ]: Began executing node model.dbtlearn.src_reviews
[0m16:55:22.113870 [debug] [Thread-2  ]: Writing runtime sql for node "model.dbtlearn.dim_hosts_cleansed"
[0m16:55:22.120871 [debug] [Thread-1  ]: Writing runtime sql for node "model.dbtlearn.src_reviews"
[0m16:55:22.124390 [debug] [Thread-2  ]: Using snowflake connection "model.dbtlearn.dim_hosts_cleansed"
[0m16:55:22.125391 [debug] [Thread-2  ]: On model.dbtlearn.dim_hosts_cleansed: /* {"app": "dbt", "dbt_version": "1.9.3", "profile_name": "dbtlearn", "target_name": "dev", "node_id": "model.dbtlearn.dim_hosts_cleansed"} */
create or replace   view AIRBNB.DEV.dim_hosts_cleansed
  
   as (
    
WITH src_hosts AS (
    SELECT * FROM AIRBNB.DEV.src_hosts
)
SELECT
    host_id,
    NVL(host_name,'Anonymous') AS host_name,
    is_superhost,
    created_at,
    updated_at
FROM src_hosts
  );
[0m16:55:22.126389 [debug] [Thread-1  ]: Using snowflake connection "model.dbtlearn.src_reviews"
[0m16:55:22.127389 [debug] [Thread-1  ]: On model.dbtlearn.src_reviews: /* {"app": "dbt", "dbt_version": "1.9.3", "profile_name": "dbtlearn", "target_name": "dev", "node_id": "model.dbtlearn.src_reviews"} */
create or replace   view AIRBNB.DEV.src_reviews
  
   as (
    WITH raw_reviews AS (
    SELECT
        *
    FROM AIRBNB.RAW.RAW_REVIEWS
)
SELECT
    listing_id,
    date AS review_date,
    reviewer_name,
    comments AS review_text,
    sentiment AS review_sentiment
FROM raw_reviews
  );
[0m16:55:22.454469 [debug] [Thread-2  ]: SQL status: SUCCESS 1 in 0.329 seconds
[0m16:55:22.458430 [debug] [Thread-2  ]: Sending event: {'category': 'dbt', 'action': 'run_model', 'label': '976de5a0-5830-4677-a2e0-8e69da50e78a', 'context': [<snowplow_tracker.self_describing_json.SelfDescribingJson object at 0x000002D25EC80FA0>]}
[0m16:55:22.459432 [info ] [Thread-2  ]: 4 of 5 OK created sql view model DEV.dim_hosts_cleansed ........................ [[32mSUCCESS 1[0m in 0.36s]
[0m16:55:22.461426 [debug] [Thread-2  ]: Finished running node model.dbtlearn.dim_hosts_cleansed
[0m16:55:22.462426 [debug] [Thread-2  ]: Began running node model.dbtlearn.dim_listings_cleansed
[0m16:55:22.462426 [info ] [Thread-2  ]: 5 of 5 START sql table model DEV.dim_listings_cleansed ......................... [RUN]
[0m16:55:22.463427 [debug] [Thread-2  ]: Re-using an available connection from the pool (formerly model.dbtlearn.dim_hosts_cleansed, now model.dbtlearn.dim_listings_cleansed)
[0m16:55:22.464820 [debug] [Thread-2  ]: Began compiling node model.dbtlearn.dim_listings_cleansed
[0m16:55:22.467818 [debug] [Thread-2  ]: Writing injected SQL for node "model.dbtlearn.dim_listings_cleansed"
[0m16:55:22.471497 [debug] [Thread-2  ]: Began executing node model.dbtlearn.dim_listings_cleansed
[0m16:55:22.482040 [debug] [Thread-2  ]:  adapter: Dropping relation "AIRBNB"."DEV"."DIM_LISTINGS_CLEANSED" because it is a view and target relation AIRBNB.DEV.dim_listings_cleansed is of type table.
[0m16:55:22.488651 [debug] [Thread-2  ]: Applying DROP to: "AIRBNB"."DEV"."DIM_LISTINGS_CLEANSED"
[0m16:55:22.494341 [debug] [Thread-2  ]: Using snowflake connection "model.dbtlearn.dim_listings_cleansed"
[0m16:55:22.494341 [debug] [Thread-2  ]: On model.dbtlearn.dim_listings_cleansed: /* {"app": "dbt", "dbt_version": "1.9.3", "profile_name": "dbtlearn", "target_name": "dev", "node_id": "model.dbtlearn.dim_listings_cleansed"} */
drop view if exists "AIRBNB"."DEV"."DIM_LISTINGS_CLEANSED" cascade
[0m16:55:22.614422 [debug] [Thread-1  ]: SQL status: SUCCESS 1 in 0.487 seconds
[0m16:55:22.620432 [debug] [Thread-1  ]: Sending event: {'category': 'dbt', 'action': 'run_model', 'label': '976de5a0-5830-4677-a2e0-8e69da50e78a', 'context': [<snowplow_tracker.self_describing_json.SelfDescribingJson object at 0x000002D25EBF1B80>]}
[0m16:55:22.622430 [info ] [Thread-1  ]: 3 of 5 OK created sql view model DEV.src_reviews ............................... [[32mSUCCESS 1[0m in 0.52s]
[0m16:55:22.624621 [debug] [Thread-1  ]: Finished running node model.dbtlearn.src_reviews
[0m16:55:22.729578 [debug] [Thread-2  ]: SQL status: SUCCESS 1 in 0.234 seconds
[0m16:55:22.743607 [debug] [Thread-2  ]: Writing runtime sql for node "model.dbtlearn.dim_listings_cleansed"
[0m16:55:22.748210 [debug] [Thread-2  ]: Using snowflake connection "model.dbtlearn.dim_listings_cleansed"
[0m16:55:22.748210 [debug] [Thread-2  ]: On model.dbtlearn.dim_listings_cleansed: /* {"app": "dbt", "dbt_version": "1.9.3", "profile_name": "dbtlearn", "target_name": "dev", "node_id": "model.dbtlearn.dim_listings_cleansed"} */
create or replace transient table AIRBNB.DEV.dim_listings_cleansed
         as
        (WITH src_listings AS (
    SELECT * FROM AIRBNB.DEV.src_listings
)
SELECT
    listing_id,
    listing_name,
    room_type,
    CASE
        WHEN minimum_nights = 0 
            THEN 1
            ELSE minimum_nights
    END AS minimum_nights,
    host_id,
    REPLACE(price_str,'$') :: NUMBER(10,2) AS price,
    created_at,
    updated_at
FROM src_listings
        );
[0m16:55:24.450935 [debug] [Thread-2  ]: SQL status: SUCCESS 1 in 1.701 seconds
[0m16:55:24.455450 [debug] [Thread-2  ]: Sending event: {'category': 'dbt', 'action': 'run_model', 'label': '976de5a0-5830-4677-a2e0-8e69da50e78a', 'context': [<snowplow_tracker.self_describing_json.SelfDescribingJson object at 0x000002D25EC80FA0>]}
[0m16:55:24.456457 [info ] [Thread-2  ]: 5 of 5 OK created sql table model DEV.dim_listings_cleansed .................... [[32mSUCCESS 1[0m in 1.99s]
[0m16:55:24.458462 [debug] [Thread-2  ]: Finished running node model.dbtlearn.dim_listings_cleansed
[0m16:55:24.462458 [debug] [MainThread]: Connection 'master' was properly closed.
[0m16:55:24.463457 [debug] [MainThread]: Connection 'list_AIRBNB' was left open.
[0m16:55:24.463972 [debug] [MainThread]: On list_AIRBNB: Close
[0m16:55:24.834505 [debug] [MainThread]: Connection 'list_AIRBNB_DEV' was left open.
[0m16:55:24.835495 [debug] [MainThread]: On list_AIRBNB_DEV: Close
[0m16:55:25.244146 [debug] [MainThread]: Connection 'model.dbtlearn.src_reviews' was left open.
[0m16:55:25.244737 [debug] [MainThread]: On model.dbtlearn.src_reviews: Close
[0m16:55:25.590554 [debug] [MainThread]: Connection 'model.dbtlearn.dim_listings_cleansed' was left open.
[0m16:55:25.591554 [debug] [MainThread]: On model.dbtlearn.dim_listings_cleansed: Close
[0m16:55:25.944708 [info ] [MainThread]: 
[0m16:55:25.945715 [info ] [MainThread]: Finished running 1 table model, 4 view models in 0 hours 0 minutes and 8.83 seconds (8.83s).
[0m16:55:25.948220 [debug] [MainThread]: Command end result
[0m16:55:25.976452 [debug] [MainThread]: Wrote artifact WritableManifest to C:\Users\jrjos\OneDrive\Documentos\Python Scripts\PythonScripts\Virtual_envs\dbt_zero2hero_training\dbtlearn\target\manifest.json
[0m16:55:25.981791 [debug] [MainThread]: Wrote artifact SemanticManifest to C:\Users\jrjos\OneDrive\Documentos\Python Scripts\PythonScripts\Virtual_envs\dbt_zero2hero_training\dbtlearn\target\semantic_manifest.json
[0m16:55:25.994424 [debug] [MainThread]: Wrote artifact RunExecutionResult to C:\Users\jrjos\OneDrive\Documentos\Python Scripts\PythonScripts\Virtual_envs\dbt_zero2hero_training\dbtlearn\target\run_results.json
[0m16:55:25.996424 [info ] [MainThread]: 
[0m16:55:25.997430 [info ] [MainThread]: [32mCompleted successfully[0m
[0m16:55:25.998808 [info ] [MainThread]: 
[0m16:55:25.999816 [info ] [MainThread]: Done. PASS=5 WARN=0 ERROR=0 SKIP=0 TOTAL=5
[0m16:55:26.002473 [debug] [MainThread]: Command `dbt run` succeeded at 16:55:26.002473 after 16.15 seconds
[0m16:55:26.003970 [debug] [MainThread]: Sending event: {'category': 'dbt', 'action': 'invocation', 'label': 'end', 'context': [<snowplow_tracker.self_describing_json.SelfDescribingJson object at 0x000002D24A26B910>, <snowplow_tracker.self_describing_json.SelfDescribingJson object at 0x000002D24A15D580>, <snowplow_tracker.self_describing_json.SelfDescribingJson object at 0x000002D25EC01580>]}
[0m16:55:26.004978 [debug] [MainThread]: Flushing usage events
[0m16:55:26.901364 [debug] [MainThread]: An error was encountered while trying to flush usage events
[0m16:59:22.112082 [debug] [MainThread]: Sending event: {'category': 'dbt', 'action': 'invocation', 'label': 'start', 'context': [<snowplow_tracker.self_describing_json.SelfDescribingJson object at 0x000001A70C06B880>, <snowplow_tracker.self_describing_json.SelfDescribingJson object at 0x000001A70D117BE0>, <snowplow_tracker.self_describing_json.SelfDescribingJson object at 0x000001A70D117FD0>]}


============================== 16:59:22.116696 | 24b2e416-61a3-4fca-a53e-a91933eccf63 ==============================
[0m16:59:22.116696 [info ] [MainThread]: Running with dbt=1.9.3
[0m16:59:22.118245 [debug] [MainThread]: running dbt with arguments {'printer_width': '80', 'indirect_selection': 'eager', 'log_cache_events': 'False', 'write_json': 'True', 'partial_parse': 'True', 'cache_selected_only': 'False', 'profiles_dir': 'C:\\Users\\jrjos\\.dbt', 'fail_fast': 'False', 'debug': 'False', 'log_path': 'C:\\Users\\jrjos\\OneDrive\\Documentos\\Python Scripts\\PythonScripts\\Virtual_envs\\dbt_zero2hero_training\\dbtlearn\\logs', 'version_check': 'True', 'warn_error': 'None', 'use_colors': 'True', 'use_experimental_parser': 'False', 'no_print': 'None', 'quiet': 'False', 'empty': 'False', 'warn_error_options': 'WarnErrorOptions(include=[], exclude=[])', 'invocation_command': 'dbt run', 'log_format': 'default', 'static_parser': 'True', 'target_path': 'None', 'introspect': 'True', 'send_anonymous_usage_stats': 'True'}
[0m16:59:22.886291 [debug] [MainThread]: Sending event: {'category': 'dbt', 'action': 'project_id', 'label': '24b2e416-61a3-4fca-a53e-a91933eccf63', 'context': [<snowplow_tracker.self_describing_json.SelfDescribingJson object at 0x000001A709792C70>]}
[0m16:59:22.954419 [debug] [MainThread]: Sending event: {'category': 'dbt', 'action': 'adapter_info', 'label': '24b2e416-61a3-4fca-a53e-a91933eccf63', 'context': [<snowplow_tracker.self_describing_json.SelfDescribingJson object at 0x000001A71DC34790>]}
[0m16:59:22.955413 [info ] [MainThread]: Registered adapter: snowflake=1.9.2
[0m16:59:23.321090 [debug] [MainThread]: checksum: 5671c00892cdbcef29c3b00cc5ba7510c3d18a35c883caeb9ab9ee266dc29c8f, vars: {}, profile: , target: , version: 1.9.3
[0m16:59:23.477475 [debug] [MainThread]: Partial parsing enabled: 0 files deleted, 0 files added, 1 files changed.
[0m16:59:23.478763 [debug] [MainThread]: Partial parsing: updated file: dbtlearn://models\dim\dim_hosts_cleansed.sql
[0m16:59:23.751994 [warn ] [MainThread]: [[33mWARNING[0m]: Configuration paths exist in your dbt_project.yml file which do not apply to any resources.
There are 1 unused configuration paths:
- models.dbtlearn.example
[0m16:59:23.757574 [debug] [MainThread]: Sending event: {'category': 'dbt', 'action': 'load_project', 'label': '24b2e416-61a3-4fca-a53e-a91933eccf63', 'context': [<snowplow_tracker.self_describing_json.SelfDescribingJson object at 0x000001A70CA7C6D0>]}
[0m16:59:23.820253 [debug] [MainThread]: Wrote artifact WritableManifest to C:\Users\jrjos\OneDrive\Documentos\Python Scripts\PythonScripts\Virtual_envs\dbt_zero2hero_training\dbtlearn\target\manifest.json
[0m16:59:23.827544 [debug] [MainThread]: Wrote artifact SemanticManifest to C:\Users\jrjos\OneDrive\Documentos\Python Scripts\PythonScripts\Virtual_envs\dbt_zero2hero_training\dbtlearn\target\semantic_manifest.json
[0m16:59:23.847443 [debug] [MainThread]: Sending event: {'category': 'dbt', 'action': 'resource_counts', 'label': '24b2e416-61a3-4fca-a53e-a91933eccf63', 'context': [<snowplow_tracker.self_describing_json.SelfDescribingJson object at 0x000001A70A30A3D0>]}
[0m16:59:23.848449 [info ] [MainThread]: Found 5 models, 474 macros
[0m16:59:23.849137 [debug] [MainThread]: Sending event: {'category': 'dbt', 'action': 'runnable_timing', 'label': '24b2e416-61a3-4fca-a53e-a91933eccf63', 'context': [<snowplow_tracker.self_describing_json.SelfDescribingJson object at 0x000001A71E134850>]}
[0m16:59:23.851248 [info ] [MainThread]: 
[0m16:59:23.851774 [info ] [MainThread]: Concurrency: 2 threads (target='dev')
[0m16:59:23.852796 [info ] [MainThread]: 
[0m16:59:23.853791 [debug] [MainThread]: Acquiring new snowflake connection 'master'
[0m16:59:23.858491 [debug] [ThreadPool]: Acquiring new snowflake connection 'list_AIRBNB'
[0m16:59:23.953367 [debug] [ThreadPool]: Using snowflake connection "list_AIRBNB"
[0m16:59:23.953367 [debug] [ThreadPool]: On list_AIRBNB: /* {"app": "dbt", "dbt_version": "1.9.3", "profile_name": "dbtlearn", "target_name": "dev", "connection_name": "list_AIRBNB"} */
show terse schemas in database AIRBNB
    limit 10000
[0m16:59:23.954358 [debug] [ThreadPool]: Opening a new connection, currently in state init
[0m16:59:25.114255 [debug] [ThreadPool]: SQL status: SUCCESS 4 in 1.160 seconds
[0m16:59:25.117255 [debug] [ThreadPool]: Acquiring new snowflake connection 'list_AIRBNB_DEV'
[0m16:59:25.128504 [debug] [ThreadPool]: Using snowflake connection "list_AIRBNB_DEV"
[0m16:59:25.129506 [debug] [ThreadPool]: On list_AIRBNB_DEV: /* {"app": "dbt", "dbt_version": "1.9.3", "profile_name": "dbtlearn", "target_name": "dev", "connection_name": "list_AIRBNB_DEV"} */
show objects in AIRBNB.DEV limit 10000;
[0m16:59:25.129506 [debug] [ThreadPool]: Opening a new connection, currently in state init
[0m16:59:26.042912 [debug] [ThreadPool]: SQL status: SUCCESS 5 in 0.914 seconds
[0m16:59:26.047426 [debug] [MainThread]: Sending event: {'category': 'dbt', 'action': 'runnable_timing', 'label': '24b2e416-61a3-4fca-a53e-a91933eccf63', 'context': [<snowplow_tracker.self_describing_json.SelfDescribingJson object at 0x000001A7098509D0>]}
[0m16:59:26.053357 [debug] [Thread-1  ]: Began running node model.dbtlearn.src_hosts
[0m16:59:26.054363 [debug] [Thread-2  ]: Began running node model.dbtlearn.src_listings
[0m16:59:26.054363 [info ] [Thread-1  ]: 1 of 5 START sql view model DEV.src_hosts ...................................... [RUN]
[0m16:59:26.055362 [info ] [Thread-2  ]: 2 of 5 START sql view model DEV.src_listings ................................... [RUN]
[0m16:59:26.057364 [debug] [Thread-1  ]: Acquiring new snowflake connection 'model.dbtlearn.src_hosts'
[0m16:59:26.057869 [debug] [Thread-2  ]: Acquiring new snowflake connection 'model.dbtlearn.src_listings'
[0m16:59:26.058893 [debug] [Thread-1  ]: Began compiling node model.dbtlearn.src_hosts
[0m16:59:26.059895 [debug] [Thread-2  ]: Began compiling node model.dbtlearn.src_listings
[0m16:59:26.067342 [debug] [Thread-1  ]: Writing injected SQL for node "model.dbtlearn.src_hosts"
[0m16:59:26.070354 [debug] [Thread-2  ]: Writing injected SQL for node "model.dbtlearn.src_listings"
[0m16:59:26.072355 [debug] [Thread-1  ]: Began executing node model.dbtlearn.src_hosts
[0m16:59:26.100685 [debug] [Thread-1  ]: Writing runtime sql for node "model.dbtlearn.src_hosts"
[0m16:59:26.100685 [debug] [Thread-2  ]: Began executing node model.dbtlearn.src_listings
[0m16:59:26.107184 [debug] [Thread-2  ]: Writing runtime sql for node "model.dbtlearn.src_listings"
[0m16:59:26.109193 [debug] [Thread-1  ]: Using snowflake connection "model.dbtlearn.src_hosts"
[0m16:59:26.110193 [debug] [Thread-1  ]: On model.dbtlearn.src_hosts: /* {"app": "dbt", "dbt_version": "1.9.3", "profile_name": "dbtlearn", "target_name": "dev", "node_id": "model.dbtlearn.src_hosts"} */
create or replace   view AIRBNB.DEV.src_hosts
  
   as (
    WITH raw_hosts AS (
    SELECT
        *
    FROM AIRBNB.RAW.RAW_HOSTS
)
SELECT
    id AS host_id,
    NAME AS host_name,
    is_superhost,
    created_at,
    updated_at
    FROM raw_hosts
  );
[0m16:59:26.111192 [debug] [Thread-2  ]: Using snowflake connection "model.dbtlearn.src_listings"
[0m16:59:26.111192 [debug] [Thread-1  ]: Opening a new connection, currently in state init
[0m16:59:26.112231 [debug] [Thread-2  ]: On model.dbtlearn.src_listings: /* {"app": "dbt", "dbt_version": "1.9.3", "profile_name": "dbtlearn", "target_name": "dev", "node_id": "model.dbtlearn.src_listings"} */
create or replace   view AIRBNB.DEV.src_listings
  
   as (
    WITH raw_listings AS (
    SELECT
        *
    FROM AIRBNB.RAW.RAW_LISTINGS
)
SELECT
    id AS listing_id,
    name AS listing_name,
    listing_url,
    room_type,
    minimum_nights,
    host_id,
    price AS price_str,
    created_at,
    updated_at
FROM
    raw_listings
  );
[0m16:59:26.115310 [debug] [Thread-2  ]: Opening a new connection, currently in state init
[0m16:59:27.125638 [debug] [Thread-1  ]: SQL status: SUCCESS 1 in 1.014 seconds
[0m16:59:27.154397 [debug] [Thread-2  ]: SQL status: SUCCESS 1 in 1.039 seconds
[0m16:59:27.157921 [debug] [Thread-1  ]: Sending event: {'category': 'dbt', 'action': 'run_model', 'label': '24b2e416-61a3-4fca-a53e-a91933eccf63', 'context': [<snowplow_tracker.self_describing_json.SelfDescribingJson object at 0x000001A709588C10>]}
[0m16:59:27.158950 [debug] [Thread-2  ]: Sending event: {'category': 'dbt', 'action': 'run_model', 'label': '24b2e416-61a3-4fca-a53e-a91933eccf63', 'context': [<snowplow_tracker.self_describing_json.SelfDescribingJson object at 0x000001A71E97FEB0>]}
[0m16:59:27.159924 [info ] [Thread-1  ]: 1 of 5 OK created sql view model DEV.src_hosts ................................. [[32mSUCCESS 1[0m in 1.10s]
[0m16:59:27.160923 [info ] [Thread-2  ]: 2 of 5 OK created sql view model DEV.src_listings .............................. [[32mSUCCESS 1[0m in 1.10s]
[0m16:59:27.162378 [debug] [Thread-1  ]: Finished running node model.dbtlearn.src_hosts
[0m16:59:27.163386 [debug] [Thread-2  ]: Finished running node model.dbtlearn.src_listings
[0m16:59:27.164640 [debug] [Thread-1  ]: Began running node model.dbtlearn.src_reviews
[0m16:59:27.165659 [debug] [Thread-2  ]: Began running node model.dbtlearn.dim_hosts_cleansed
[0m16:59:27.167167 [info ] [Thread-1  ]: 3 of 5 START sql view model DEV.src_reviews .................................... [RUN]
[0m16:59:27.168185 [info ] [Thread-2  ]: 4 of 5 START sql table model DEV.dim_hosts_cleansed ............................ [RUN]
[0m16:59:27.186053 [debug] [Thread-2  ]: Re-using an available connection from the pool (formerly model.dbtlearn.src_listings, now model.dbtlearn.dim_hosts_cleansed)
[0m16:59:27.187562 [debug] [Thread-2  ]: Began compiling node model.dbtlearn.dim_hosts_cleansed
[0m16:59:27.184574 [debug] [Thread-1  ]: Re-using an available connection from the pool (formerly model.dbtlearn.src_hosts, now model.dbtlearn.src_reviews)
[0m16:59:27.194058 [debug] [Thread-2  ]: Writing injected SQL for node "model.dbtlearn.dim_hosts_cleansed"
[0m16:59:27.195066 [debug] [Thread-1  ]: Began compiling node model.dbtlearn.src_reviews
[0m16:59:27.199591 [debug] [Thread-1  ]: Writing injected SQL for node "model.dbtlearn.src_reviews"
[0m16:59:27.202022 [debug] [Thread-2  ]: Began executing node model.dbtlearn.dim_hosts_cleansed
[0m16:59:27.220580 [debug] [Thread-2  ]:  adapter: Dropping relation "AIRBNB"."DEV"."DIM_HOSTS_CLEANSED" because it is a view and target relation AIRBNB.DEV.dim_hosts_cleansed is of type table.
[0m16:59:27.238073 [debug] [Thread-2  ]: Applying DROP to: "AIRBNB"."DEV"."DIM_HOSTS_CLEANSED"
[0m16:59:27.239080 [debug] [Thread-1  ]: Began executing node model.dbtlearn.src_reviews
[0m16:59:27.258252 [debug] [Thread-2  ]: Using snowflake connection "model.dbtlearn.dim_hosts_cleansed"
[0m16:59:27.267235 [debug] [Thread-1  ]: Writing runtime sql for node "model.dbtlearn.src_reviews"
[0m16:59:27.268241 [debug] [Thread-2  ]: On model.dbtlearn.dim_hosts_cleansed: /* {"app": "dbt", "dbt_version": "1.9.3", "profile_name": "dbtlearn", "target_name": "dev", "node_id": "model.dbtlearn.dim_hosts_cleansed"} */
drop view if exists "AIRBNB"."DEV"."DIM_HOSTS_CLEANSED" cascade
[0m16:59:27.270509 [debug] [Thread-1  ]: Using snowflake connection "model.dbtlearn.src_reviews"
[0m16:59:27.271503 [debug] [Thread-1  ]: On model.dbtlearn.src_reviews: /* {"app": "dbt", "dbt_version": "1.9.3", "profile_name": "dbtlearn", "target_name": "dev", "node_id": "model.dbtlearn.src_reviews"} */
create or replace   view AIRBNB.DEV.src_reviews
  
   as (
    WITH raw_reviews AS (
    SELECT
        *
    FROM AIRBNB.RAW.RAW_REVIEWS
)
SELECT
    listing_id,
    date AS review_date,
    reviewer_name,
    comments AS review_text,
    sentiment AS review_sentiment
FROM raw_reviews
  );
[0m16:59:27.570281 [debug] [Thread-2  ]: SQL status: SUCCESS 1 in 0.301 seconds
[0m16:59:27.592314 [debug] [Thread-2  ]: Writing runtime sql for node "model.dbtlearn.dim_hosts_cleansed"
[0m16:59:27.594316 [debug] [Thread-2  ]: Using snowflake connection "model.dbtlearn.dim_hosts_cleansed"
[0m16:59:27.595309 [debug] [Thread-2  ]: On model.dbtlearn.dim_hosts_cleansed: /* {"app": "dbt", "dbt_version": "1.9.3", "profile_name": "dbtlearn", "target_name": "dev", "node_id": "model.dbtlearn.dim_hosts_cleansed"} */
create or replace transient table AIRBNB.DEV.dim_hosts_cleansed
         as
        (WITH src_hosts AS (
    SELECT * FROM AIRBNB.DEV.src_hosts
)
SELECT
    host_id,
    NVL(host_name,'Anonymous') AS host_name,
    is_superhost,
    created_at,
    updated_at
FROM src_hosts
        );
[0m16:59:27.680261 [debug] [Thread-1  ]: SQL status: SUCCESS 1 in 0.407 seconds
[0m16:59:27.685637 [debug] [Thread-1  ]: Sending event: {'category': 'dbt', 'action': 'run_model', 'label': '24b2e416-61a3-4fca-a53e-a91933eccf63', 'context': [<snowplow_tracker.self_describing_json.SelfDescribingJson object at 0x000001A71F9A2CA0>]}
[0m16:59:27.687143 [info ] [Thread-1  ]: 3 of 5 OK created sql view model DEV.src_reviews ............................... [[32mSUCCESS 1[0m in 0.50s]
[0m16:59:27.688147 [debug] [Thread-1  ]: Finished running node model.dbtlearn.src_reviews
[0m16:59:27.689185 [debug] [Thread-1  ]: Began running node model.dbtlearn.dim_listings_cleansed
[0m16:59:27.690151 [info ] [Thread-1  ]: 5 of 5 START sql table model DEV.dim_listings_cleansed ......................... [RUN]
[0m16:59:27.691665 [debug] [Thread-1  ]: Re-using an available connection from the pool (formerly model.dbtlearn.src_reviews, now model.dbtlearn.dim_listings_cleansed)
[0m16:59:27.691665 [debug] [Thread-1  ]: Began compiling node model.dbtlearn.dim_listings_cleansed
[0m16:59:27.695820 [debug] [Thread-1  ]: Writing injected SQL for node "model.dbtlearn.dim_listings_cleansed"
[0m16:59:27.697013 [debug] [Thread-1  ]: Began executing node model.dbtlearn.dim_listings_cleansed
[0m16:59:27.700533 [debug] [Thread-1  ]: Writing runtime sql for node "model.dbtlearn.dim_listings_cleansed"
[0m16:59:27.704534 [debug] [Thread-1  ]: Using snowflake connection "model.dbtlearn.dim_listings_cleansed"
[0m16:59:27.705535 [debug] [Thread-1  ]: On model.dbtlearn.dim_listings_cleansed: /* {"app": "dbt", "dbt_version": "1.9.3", "profile_name": "dbtlearn", "target_name": "dev", "node_id": "model.dbtlearn.dim_listings_cleansed"} */
create or replace transient table AIRBNB.DEV.dim_listings_cleansed
         as
        (WITH src_listings AS (
    SELECT * FROM AIRBNB.DEV.src_listings
)
SELECT
    listing_id,
    listing_name,
    room_type,
    CASE
        WHEN minimum_nights = 0 
            THEN 1
            ELSE minimum_nights
    END AS minimum_nights,
    host_id,
    REPLACE(price_str,'$') :: NUMBER(10,2) AS price,
    created_at,
    updated_at
FROM src_listings
        );
[0m16:59:28.830129 [debug] [Thread-1  ]: SQL status: SUCCESS 1 in 1.123 seconds
[0m16:59:28.833459 [debug] [Thread-1  ]: Sending event: {'category': 'dbt', 'action': 'run_model', 'label': '24b2e416-61a3-4fca-a53e-a91933eccf63', 'context': [<snowplow_tracker.self_describing_json.SelfDescribingJson object at 0x000001A71F9A2CA0>]}
[0m16:59:28.834536 [info ] [Thread-1  ]: 5 of 5 OK created sql table model DEV.dim_listings_cleansed .................... [[32mSUCCESS 1[0m in 1.14s]
[0m16:59:28.836157 [debug] [Thread-1  ]: Finished running node model.dbtlearn.dim_listings_cleansed
[0m16:59:28.880821 [debug] [Thread-2  ]: SQL status: SUCCESS 1 in 1.285 seconds
[0m16:59:28.887260 [debug] [Thread-2  ]: Sending event: {'category': 'dbt', 'action': 'run_model', 'label': '24b2e416-61a3-4fca-a53e-a91933eccf63', 'context': [<snowplow_tracker.self_describing_json.SelfDescribingJson object at 0x000001A71E1E7F70>]}
[0m16:59:28.889270 [info ] [Thread-2  ]: 4 of 5 OK created sql table model DEV.dim_hosts_cleansed ....................... [[32mSUCCESS 1[0m in 1.70s]
[0m16:59:28.890335 [debug] [Thread-2  ]: Finished running node model.dbtlearn.dim_hosts_cleansed
[0m16:59:28.891361 [debug] [MainThread]: Connection 'master' was properly closed.
[0m16:59:28.892342 [debug] [MainThread]: Connection 'list_AIRBNB' was left open.
[0m16:59:28.892342 [debug] [MainThread]: On list_AIRBNB: Close
[0m16:59:29.264318 [debug] [MainThread]: Connection 'list_AIRBNB_DEV' was left open.
[0m16:59:29.265322 [debug] [MainThread]: On list_AIRBNB_DEV: Close
[0m16:59:29.612526 [debug] [MainThread]: Connection 'model.dbtlearn.dim_listings_cleansed' was left open.
[0m16:59:29.613938 [debug] [MainThread]: On model.dbtlearn.dim_listings_cleansed: Close
[0m16:59:29.977339 [debug] [MainThread]: Connection 'model.dbtlearn.dim_hosts_cleansed' was left open.
[0m16:59:29.978361 [debug] [MainThread]: On model.dbtlearn.dim_hosts_cleansed: Close
[0m16:59:30.349503 [info ] [MainThread]: 
[0m16:59:30.350416 [info ] [MainThread]: Finished running 2 table models, 3 view models in 0 hours 0 minutes and 6.49 seconds (6.49s).
[0m16:59:30.353555 [debug] [MainThread]: Command end result
[0m16:59:30.381430 [debug] [MainThread]: Wrote artifact WritableManifest to C:\Users\jrjos\OneDrive\Documentos\Python Scripts\PythonScripts\Virtual_envs\dbt_zero2hero_training\dbtlearn\target\manifest.json
[0m16:59:30.385789 [debug] [MainThread]: Wrote artifact SemanticManifest to C:\Users\jrjos\OneDrive\Documentos\Python Scripts\PythonScripts\Virtual_envs\dbt_zero2hero_training\dbtlearn\target\semantic_manifest.json
[0m16:59:30.396775 [debug] [MainThread]: Wrote artifact RunExecutionResult to C:\Users\jrjos\OneDrive\Documentos\Python Scripts\PythonScripts\Virtual_envs\dbt_zero2hero_training\dbtlearn\target\run_results.json
[0m16:59:30.397333 [info ] [MainThread]: 
[0m16:59:30.398346 [info ] [MainThread]: [32mCompleted successfully[0m
[0m16:59:30.399357 [info ] [MainThread]: 
[0m16:59:30.403777 [info ] [MainThread]: Done. PASS=5 WARN=0 ERROR=0 SKIP=0 TOTAL=5
[0m16:59:30.409323 [debug] [MainThread]: Command `dbt run` succeeded at 16:59:30.408307 after 8.41 seconds
[0m16:59:30.410308 [debug] [MainThread]: Sending event: {'category': 'dbt', 'action': 'invocation', 'label': 'end', 'context': [<snowplow_tracker.self_describing_json.SelfDescribingJson object at 0x000001A70C06B880>, <snowplow_tracker.self_describing_json.SelfDescribingJson object at 0x000001A70AF7E940>, <snowplow_tracker.self_describing_json.SelfDescribingJson object at 0x000001A70AF6B670>]}
[0m16:59:30.411307 [debug] [MainThread]: Flushing usage events
[0m16:59:31.293189 [debug] [MainThread]: An error was encountered while trying to flush usage events
